id,sku,barcode,name,url,price,currency,description_html,usage_text,warnings_text,storage_text,created_at
1,000935-A,000935-A,NOP Brokoli Broccoli Full Potency 200 Kapsül X 420 mg,https://www.sepenatural.com.tr/urun/nop-brokoli-takviye-edici-gida-200-kapsul-broccoli,789.99,TL,,"Yetişkinler için, tercihen günde 2 defa 1 kapsül ya da sağlık uzmanınızın talimatlarına göre alınır. Yemeklerle birlikte veya aç karnına kullanılabilir.",Tavsiye edilen günlük porsiyonu aşmayın.,"Oda sıcaklığında, güneş ışınlarından koruyarak, serin ve kuru yerde, ağzı kapalı bir şekilde çocukların ulaşamayacağı yerde muhafaza ediniz.",2026-02-12 13:17:12
2,000123-A,000123-A,SEPE NATURAL Omega 3 Fish Oil Balık Yağı 100 Softgel Kapsül x 1330 mg,https://www.sepenatural.com.tr/urun/omega-3-balik-yagi-100-softgel-kapsul-1000-mg-yumusak-kapsul,739.99,TL,,Sepe Natural Alaska Omega3 Balık Yağı Yumuşak Kapsül Fish Oil Softgel tercihen günde 2 defa 1 kapsül yemek öncesi veya sonrası kullanılması tavsiye edilir.,"Sepe Natural Ürünlerini Oda Sıcaklığında, serin ve kuru yerde, güneş ışınlarından koruyarak, ağzı kapalı şekilde, çocukların ulaşamayacağı yerde muhafaza ediniz.","Sepe Natural Ürünlerini Oda Sıcaklığında, serin ve kuru yerde, güneş ışınlarından koruyarak, ağzı kapalı şekilde, çocukların ulaşamayacağı yerde muhafaza ediniz.",2026-02-12 13:19:15
3,000072-A,000072-A,SEPE NATURAL Propolis Ekstresi 90 Kapsül x 400 mg,https://www.sepenatural.com.tr/urun/propolis-extract-90-kapsul-380-mg-propolis-ekstrakt-ekstresi,679.99,TL,,"Yetişkinler için, tercihen günde 2 defa 1 kapsül ya da sağlık uzmanınızın talimatlarına göre alınır. Yemeklerle birlikte veya aç kanına kullanılabilir.",Tavsiye edilen günlük porsiyonu aşmayın.,"Oda sıcaklığında, güneş ışınlarından koruyarak, serin ve kuru yerde, ağzı kapalı bir şekilde çocukların ulaşamayacağı yerde muhafaza ediniz.",2026-02-12 13:19:17
4,000014-A,000014-A,SEPE NATURAL Chitosan Kitosan 90 Kapsül x 330 mg Çitosan,https://www.sepenatural.com.tr/urun/chitosan-90-kapsul-330-mg-kitosan-citosan,689.99,TL,,"Yetişkinler için, tercihen günde iki defa 1 kapsül ya da sağlık uzmanınızın talimatlarına göre alınır. Yemeklerle birlikte veya aç karına kullanılabilir.",Tavsiye edilen günlük porsiyonu aşmayın.,"Oda sıcaklığında, güneş ışınlarından koruyarak, serin ve kuru yerde, ağzı kapalı bir şekilde çocukların ulaşamayacağı yerde muhafaza ediniz.",2026-02-12 13:19:19
5,000064-A,000064-A,Milk Thistle Devedikeni Ekstresi Full Potency 90 Kapsül x 930 mg SEPE,https://www.sepenatural.com.tr/urun/milk-thistle-devedikeni-ekstresi-full-potency-90-kapsul,669.99,TL,,"Yetişkinler için, tercihen günde iki defa 1 kapsül ya da sağlık uzmanınızın talimatlarına göre alınır. Yemeklerle birlikte veya aç karına kullanılabilir.",Tavsiye edilen günlük porsiyonu aşmayın.,"Oda sıcaklığında, güneş ışınlarından koruyarak, serin ve kuru yerde, ağzı kapalı bir şekilde çocukların ulaşamayacağı yerde muhafaza ediniz.",2026-02-12 13:19:21
6,000007-A,000007-A,SEPE NATURAL Artichoke Enginar Ekstresi 60 Kapsül x 380 mg,https://www.sepenatural.com.tr/urun/artichoke-extract-60-kapsul-380-mg-enginar-ekstrakt-ekstresi,559.99,TL,,"Yetişkinler için, tercihen günde 2 defa 1 kapsül ya da sağlık uzmanınızın talimatlarına göre alınır. Yemeklerle birlikte veya aç kanına kullanılabilir.",Tavsiye edilen günlük porsiyonu aşmayın.,"Oda sıcaklığında, güneş ışınlarından koruyarak, serin ve kuru yerde, ağzı kapalı bir şekilde çocukların ulaşamayacağı yerde muhafaza ediniz.",2026-02-12 13:19:22
7,000021-A,000021-A,SEPE NATURAL Epimedium Epimedyum 90 Kapsül x 430 mg Azgın Teke,https://www.sepenatural.com.tr/urun/epimedium-extract-90-kapsul-430-mg-ekstrakt,649.99,TL,,SEPE NATURAL Epimedium Epimedyum Ekstresi Kullanımı Nasıl Önerilir?,SEPE NATURAL Epimedium Epimedyum Kapsül Formdadır. Her kapsül 430 mg'dır. Her ambalajda 90 kapsül bulunmaktadır.,"Oda sıcaklığında, güneş ışınlarından koruyarak, serin ve kuru yerde, ağzı kapalı bir şekilde çocukların ulaşamayacağı yerde muhafaza ediniz.",2026-02-12 13:19:24
8,000035-A,000035-A,"SEPE NATURAL Ginkgo Biloba Mabet Ağacı Ekstresi Full Potency 90 Kapsül x 400 mg Ginko, Gingko",https://www.sepenatural.com.tr/urun/ginkgo-biloba-extract-90-kapsul-ginko-ekstrakt-ekstresi,559.99,TL,,"Yetişkinler için, tercihen günde 3 defa 1 kapsül ya da sağlık uzmanınızın talimatlarına göre alınır. Yemeklerle birlikte veya aç kanına kullanılabilir.",Tavsiye edilen günlük porsiyonu aşmayın.,"Oda sıcaklığında, güneş ışınlarından koruyarak, serin ve kuru yerde, ağzı kapalı bir şekilde çocukların ulaşamayacağı yerde muhafaza ediniz.",2026-02-12 13:19:26
9,000068-A,000068-A,"SEPE NATURAL Korean Ginseng Kore Ginseng Kök Ekstresi 90 Kapsül x 480 mg Kırmızı Ginseng, Panax",https://www.sepenatural.com.tr/urun/panax-ginseng-ekstrakt-90-kapsul-450-mg-ginseng-ekstresi-extract,599.99,TL,,"Yetişkinler için, tercihen günde 3 defa 1 kapsül ya da sağlık uzmanınızın talimatlarına göre alınır. Yemeklerle birlikte veya aç kanına kullanılabilir.",Tavsiye edilen günlük porsiyonu aşmayın.,"Oda sıcaklığında, güneş ışınlarından koruyarak, serin ve kuru yerde, ağzı kapalı bir şekilde çocukların ulaşamayacağı yerde muhafaza ediniz.",2026-02-12 13:19:27
10,000001-A,000001-A,SEPE NATURAL 5-HTP Valerian Kedi Otu St. John's Worth Sarı Kantaron Ekstresi Kompleks 60 Kapsül x 420 mg,https://www.sepenatural.com.tr/urun/5-htp-5-hydroxytryptophan-extract-kapsul-60-x-350-mg-ekstresi,879.99,TL,,"Yetişkinler için, tercihen günde 2 defa 1 kapsül ya da sağlık uzmanınızın talimatlarına göre alınır. Yemeklerle birlikte veya aç kanına kullanılabilir.",Tavsiye edilen günlük porsiyonu aşmayın.,"Oda sıcaklığında, güneş ışınlarından koruyarak, serin ve kuru yerde, ağzı kapalı bir şekilde çocukların ulaşamayacağı yerde muhafaza ediniz.",2026-02-12 13:19:29
11,000008-A,000008-A,SEPE NATURAL Astragalus Çin Geveni Ekstresi 90 Kapsül x 430 mg,https://www.sepenatural.com.tr/urun/astragalus-root-extract-90-kapsul-cin-geveni-ekstresi,709.99,TL,,SEPE NATURAL Astragalus Çin Geveni Ekstresi Kullanımı Nasıl Önerilir?,Tavsiye edilen günlük porsiyonu aşmayın.,"Oda sıcaklığında, güneş ışınlarından koruyarak, serin ve kuru yerde, ağzı kapalı bir şekilde çocukların ulaşamayacağı yerde muhafaza ediniz.",2026-02-12 13:19:31
12,000009-A,000009-A,GOVital Gotu Kola Üzüm Çekirdeği Isırgan Ektreleri Likopen Çinko Kompleks 60 Kapsül x 425 mg SEPE,https://www.sepenatural.com.tr/urun/govital-60-kapsul-425-mg,1049.99,TL,,"Yetişkinler için, tercihen günde 2 defa 1 kapsül ya da sağlık uzmanınızın talimatlarına göre alınır. Yemeklerle birlikte veya aç kanına kullanılabilir.",Tavsiye edilen günlük porsiyonu aşmayın.,"Oda sıcaklığında, güneş ışınlarından koruyarak, serin ve kuru yerde, ağzı kapalı bir şekilde çocukların ulaşamayacağı yerde muhafaza ediniz.",2026-02-12 13:19:33
13,000010-A,000010-A,VitalQR Kolin L-Arjinin Koenzim Q10 Resveratrol Kuersetin Sitikolin Vit. K 60 Kapsül X 405 mg SEPE,https://www.sepenatural.com.tr/urun/vitalqr-60-kapsul-405-mg,909.99,TL,,"Yetişkinler için, tercihen günde 2 defa 1 kapsül ya da sağlık uzmanınızın talimatlarına göre alınır. Yemeklerle birlikte veya aç kanına kullanılabilir.",Tavsiye edilen günlük porsiyonu aşmayın.,"Oda sıcaklığında, güneş ışınlarından koruyarak, serin ve kuru yerde, ağzı kapalı bir şekilde çocukların ulaşamayacağı yerde muhafaza ediniz.",2026-02-12 13:19:35
14,000012-A,000012-A,SEPE NATURAL Cat's Claw Kedi Pençesi Ekstresi 90 Kapsül x 360 mg,https://www.sepenatural.com.tr/urun/cats-claw-extract-90-kapsul-360-mg-kedi-pencesi-ekstrakt-ekstre,569.99,TL,,"Kedi Pençesi; doğal yapısında bulunan oksindol alkaloidleri, polifenoller ve bitkisel tanenler ile öne çıkan tropik bir sarmaşık bitkisidir. Geleneksel kullanımıyla bilinen bu bitki, son yıllarda bitkisel rutinlere doğal bir dokunuş katmak isteyenlerin dikkatini çekmektedir. Güçlü bitkisel profili ve kökene dayalı zenginliği sayesinde doğadan ilham alan içeriklere ilgi duyanların sık tercih ettiği ekstraktlar arasında yer alır.","Kedi Pençesi; doğal yapısında bulunan oksindol alkaloidleri, polifenoller ve bitkisel tanenler ile öne çıkan tropik bir sarmaşık bitkisidir. Geleneksel kullanımıyla bilinen bu bitki, son yıllarda bitkisel rutinlere doğal bir dokunuş katmak isteyenlerin dikkatini çekmektedir. Güçlü bitkisel profili ve kökene dayalı zenginliği sayesinde doğadan ilham alan içeriklere ilgi duyanların sık tercih ettiği ekstraktlar arasında yer alır.","Oda sıcaklığında, güneş ışınlarından koruyarak, serin ve kuru yerde, ağzı kapalı bir şekilde çocukların ulaşamayacağı yerde muhafaza ediniz.",2026-02-12 13:19:37
15,000415-A,000415-A,Defne Şampuanı 250 ml Yağlı Saçlar İçin,https://www.sepenatural.com.tr/urun/defne-sampuani-250-ml-yagli-saclar-icin,30.0,TL,,Yağlı saçlar için önerilen şampuandır.,-  Çocukların ulaşamayacağı yerde ağzı kapalı olarak muhafaza ediniz. -  İlaç değildir. Hastalıkların önlenmesi veya tedavi edilmesi amacıyla kullanılmaz.-  İçeriğindeki bileşene karşı bilinen alerjiniz varsa kullanmayınız.-  Göz temasından kaçınınız.-  Harici kullanım içindir.,,2026-02-12 13:19:39
16,000419-A,000419-A,Isırgan Özlü Şampuan 250 ml Kepekli ve Kuru Saçlar İçin,https://www.sepenatural.com.tr/urun/isirgan-ozlu-sampuan-250-ml,25.0,TL,,"Ambalaj
			250 ml Beyaz Plastik Şişe
			 
Ambalaj Ölçü Detayları

185 mm x 50 mm
 

Yasal ve Önemli Uyarılar
-  Çocukların ulaşamayacağı yerde ağzı kapalı olarak muhafaza ediniz. 
-  İlaç değildir. Hastalıkların önlenmesi veya tedavi edilmesi amacıyla kullanılmaz.
-  İçeriğindeki bileşene karşı bilinen alerjiniz varsa kullanmayınız.
-  Göz temasından kaçınınız.
-  Harici kullanım içindir.","-  Çocukların ulaşamayacağı yerde ağzı kapalı olarak muhafaza ediniz. 
-  İlaç değildir. Hastalıkların önlenmesi veya tedavi edilmesi amacıyla kullanılmaz.
-  İçeriğindeki bileşene karşı bilinen alerjiniz varsa kullanmayınız.
-  Göz temasından kaçınınız.
-  Harici kullanım içindir.",,2026-02-12 13:19:40
17,000085-A,000085-A,SEPE NATURAL Tribulus Demir Dikeni Ekstresi 90 Kapsül x 480mg,https://www.sepenatural.com.tr/urun/tribulus-extract-90-kapsul-480-mg-demir-dikeni-ekstrakt-ekstre,569.99,TL,,"Yetişkinler için, tercihen günde 2 defa 1 kapsül ya da sağlık uzmanınızın talimatlarına göre alınır. Yemeklerle birlikte veya aç kanına kullanılabilir.",Tavsiye edilen günlük porsiyonu aşmayın.,"Oda sıcaklığında, güneş ışınlarından koruyarak, serin ve kuru yerde, ağzı kapalı bir şekilde çocukların ulaşamayacağı yerde muhafaza ediniz.",2026-02-12 13:19:42
18,000082-A,000082-A,"SEPE NATURAL Spirulina 90 Kapsül x 380 mg Yosun, Mavi Yeşil Alg",https://www.sepenatural.com.tr/urun/spirulina-90-kapsul-sepe-natural-siprulina-yosun-hapi,589.99,TL,,"Yetişkinler için, tercihen günde 3 defa 1 kapsül ya da sağlık uzmanınızın talimatlarına göre alınır. Yemeklerle birlikte veya aç kanına kullanılabilir.",Tavsiye edilen günlük porsiyonu aşmayın.,"Oda sıcaklığında, güneş ışınlarından koruyarak, serin ve kuru yerde, ağzı kapalı bir şekilde çocukların ulaşamayacağı yerde muhafaza ediniz.",2026-02-12 13:19:44
19,000077-A,000077-A,SEPE NATURAL Saw Palmetto Cüce Palmiye Ekstresi 60 Kapsül x 400 mg,https://www.sepenatural.com.tr/urun/saw-palmetto-extract-60-kapsul-400-mg-ekstrakt-cuce-palmiye-ekstresi,559.99,TL,,"Yetişkinler için, tercihen günde 2 defa 1 kapsül ya da sağlık uzmanınızın talimatlarına göre alınır. Yemeklerle birlikte veya aç kanına kullanılabilir.",Tavsiye edilen günlük porsiyonu aşmayın.,"Oda sıcaklığında, güneş ışınlarından koruyarak, serin ve kuru yerde, ağzı kapalı bir şekilde çocukların ulaşamayacağı yerde muhafaza ediniz.",2026-02-12 13:19:45
20,000075-A,000075-A,"SEPE NATURAL Rodiola, Propolis, Folik Asit ve B Vitamin Kompleks 60 Kapsül x 387 mg Rhodiola",https://www.sepenatural.com.tr/urun/rhodiola-extract-vitamins-60-kapsul-387-mg-rodiola-rodiyola,639.99,TL,,Sepe Natural Rhodiola Rosea Kapsül Kullanım Önerisi - Sepe Natural Rhodiola Rosea Kapsül Nasıl Kullanılır?,"-   Oda Sıcaklığında, serin ve kuru yerde, rutubetten/nemden, güneş ışınlarından koruyarak, ağzı kapalı şekilde, çocukların ulaşamayacağı yerde muhafaza ediniz.","-   Oda Sıcaklığında, serin ve kuru yerde, rutubetten/nemden, güneş ışınlarından koruyarak, ağzı kapalı şekilde, çocukların ulaşamayacağı yerde muhafaza ediniz.",2026-02-12 13:19:47
21,000063-A,000063-A,"MgS, L-Carnitin, Chitosan, Spirulina, Green Coffee Garcinia Ekstreleri Krom 90 Kapsül x 920 mg SEPE",https://www.sepenatural.com.tr/urun/l-karnitin-citosan-spirulina-kapsul-90,989.99,TL,,"Yetişkinler için, tercihen günde 2 defa 1 kapsül ya da sağlık uzmanınızın talimatlarına göre alınır. Yemeklerle birlikte veya aç kanına kullanılabilir.",Tavsiye edilen günlük porsiyonu aşmayın.,"Oda sıcaklığında, güneş ışınlarından koruyarak, serin ve kuru yerde, ağzı kapalı bir şekilde çocukların ulaşamayacağı yerde muhafaza ediniz.",2026-02-12 13:19:48
22,000052-A,000052-A,SEPE NATURAL Cordyceps Kordisep Mantar Ekstresi 90 Kapsül x 430 mg,https://www.sepenatural.com.tr/urun/cordyceps-extract-90-kapsul-430-mg-kordisep-mantar-ekstresi,669.99,TL,,SEPE NATURAL Cordyceps Kordisep Mantar Ekstresi Kapsül Formdadır. Her kapsül 430 mg'dır. Her ambalajda 90 kapsül bulunmaktadır.,SEPE NATURAL Cordyceps Kordisep Mantar Ekstresi Kapsül Formdadır. Her kapsül 430 mg'dır. Her ambalajda 90 kapsül bulunmaktadır.,"Oda sıcaklığında, güneş ışınlarından koruyarak, serin ve kuru yerde, ağzı kapalı bir şekilde çocukların ulaşamayacağı yerde muhafaza ediniz.",2026-02-12 13:19:50
23,000426-A,000426-A,"Selenyum Şampuanı Şampuan 250 ml Kepekli, Cansız Kuru Saçlar İçin",https://www.sepenatural.com.tr/urun/selenyum-sampuani-250-ml,30.0,TL,,"Ambalaj250 ml Beyaz Plastik Şişe Ambalaj Ölçü Detayları
185 mm x 50 mm
 

Yasal ve Önemli Uyarılar
-  Çocukların ulaşamayacağı yerde ağzı kapalı olarak muhafaza ediniz. -  İlaç değildir. Hastalıkların önlenmesi veya tedavi edilmesi amacıyla kullanılmaz.-  İçeriğindeki bileşene karşı bilinen alerjiniz varsa kullanmayınız.-  Göz temasından kaçınınız.-  Harici kullanım içindir.",-  Çocukların ulaşamayacağı yerde ağzı kapalı olarak muhafaza ediniz. -  İlaç değildir. Hastalıkların önlenmesi veya tedavi edilmesi amacıyla kullanılmaz.-  İçeriğindeki bileşene karşı bilinen alerjiniz varsa kullanmayınız.-  Göz temasından kaçınınız.-  Harici kullanım içindir.,,2026-02-12 13:19:52
24,000413-A,000413-A,Çinkolu Keratinli Şampuan 250 ml Cansız ve Geç Uzayan Saçlar İçin,https://www.sepenatural.com.tr/urun/cinkolu-keratinli-sampuan-250-ml,25.0,TL,,"Ambalaj
			250 ml Beyaz Plastik Şişe
			 
Ambalaj Ölçü Detayları

185 mm x 50 mm
 

Yasal ve Önemli Uyarılar
-  Çocukların ulaşamayacağı yerde ağzı kapalı olarak muhafaza ediniz. 
-  İlaç değildir. Hastalıkların önlenmesi veya tedavi edilmesi amacıyla kullanılmaz.
-  İçeriğindeki bileşene karşı bilinen alerjiniz varsa kullanmayınız.
-  Göz temasından kaçınınız.
-  Harici kullanım içindir.","-  Çocukların ulaşamayacağı yerde ağzı kapalı olarak muhafaza ediniz. 
-  İlaç değildir. Hastalıkların önlenmesi veya tedavi edilmesi amacıyla kullanılmaz.
-  İçeriğindeki bileşene karşı bilinen alerjiniz varsa kullanmayınız.
-  Göz temasından kaçınınız.
-  Harici kullanım içindir.",,2026-02-12 13:19:53
25,000427-A,000427-A,Şeftalili Keratinli Şampuan 250 ml Geç Uzayan Saçlar İçin,https://www.sepenatural.com.tr/urun/seftalili-keratinli-sampuan-250-ml,30.0,TL,,"Ambalaj250 ml Beyaz Plastik Şişe Ambalaj Ölçü Detayları
185 mm x 50 mm
 

Yasal ve Önemli Uyarılar
-  Çocukların ulaşamayacağı yerde ağzı kapalı olarak muhafaza ediniz. -  İlaç değildir. Hastalıkların önlenmesi veya tedavi edilmesi amacıyla kullanılmaz.-  İçeriğindeki bileşene karşı bilinen alerjiniz varsa kullanmayınız.-  Göz temasından kaçınınız.-  Harici kullanım içindir.",-  Çocukların ulaşamayacağı yerde ağzı kapalı olarak muhafaza ediniz. -  İlaç değildir. Hastalıkların önlenmesi veya tedavi edilmesi amacıyla kullanılmaz.-  İçeriğindeki bileşene karşı bilinen alerjiniz varsa kullanmayınız.-  Göz temasından kaçınınız.-  Harici kullanım içindir.,,2026-02-12 13:19:55
26,000425-A,000425-A,Papatya Özlü Keratin Şampuan 250 ml Canlı ve Parlak Saçlar İçin,https://www.sepenatural.com.tr/urun/papatya-ozlu-keratin-sampuan-250ml,30.0,TL,,"Ambalaj
				250 ml Beyaz Plastik Şişe
				 
Ambalaj Ölçü Detayları

185 mm x 50 mm
 

Yasal ve Önemli Uyarılar
-  Çocukların ulaşamayacağı yerde ağzı kapalı olarak muhafaza ediniz. 
-  İlaç değildir. Hastalıkların önlenmesi veya tedavi edilmesi amacıyla kullanılmaz.
-  İçeriğindeki bileşene karşı bilinen alerjiniz varsa kullanmayınız.
-  Göz temasından kaçınınız.
-  Harici kullanım içindir.","-  Çocukların ulaşamayacağı yerde ağzı kapalı olarak muhafaza ediniz. 
-  İlaç değildir. Hastalıkların önlenmesi veya tedavi edilmesi amacıyla kullanılmaz.
-  İçeriğindeki bileşene karşı bilinen alerjiniz varsa kullanmayınız.
-  Göz temasından kaçınınız.
-  Harici kullanım içindir.",,2026-02-12 13:19:57
27,000421-A,000421-A,Keratinli Şampuan 250 ml Kırılan ve Geç Uzayan Saçlar İçin,https://www.sepenatural.com.tr/urun/keratin-sampuan-250ml,30.0,TL,,"Ambalaj250 ml Beyaz Plastik Şişe Ambalaj Ölçü Detayları
185 mm x 50 mm
 

Yasal ve Önemli Uyarılar
-  Çocukların ulaşamayacağı yerde ağzı kapalı olarak muhafaza ediniz. -  İlaç değildir. Hastalıkların önlenmesi veya tedavi edilmesi amacıyla kullanılmaz.-  İçeriğindeki bileşene karşı bilinen alerjiniz varsa kullanmayınız.-  Göz temasından kaçınınız.-  Harici kullanım içindir.",-  Çocukların ulaşamayacağı yerde ağzı kapalı olarak muhafaza ediniz. -  İlaç değildir. Hastalıkların önlenmesi veya tedavi edilmesi amacıyla kullanılmaz.-  İçeriğindeki bileşene karşı bilinen alerjiniz varsa kullanmayınız.-  Göz temasından kaçınınız.-  Harici kullanım içindir.,,2026-02-12 13:19:58
28,000417-A,000417-A,Fo-Ti Keratinli Şampuan 250 ml Zayıf ve İşlem Görmüş Saçlar İçin,https://www.sepenatural.com.tr/urun/fo-ti-keratinli-sampuan-250-ml,30.0,TL,,"Ambalaj250 ml Beyaz Plastik Şişe Ambalaj Ölçü Detayları
185 mm x 50 mm
 

Yasal ve Önemli Uyarılar
-  Çocukların ulaşamayacağı yerde ağzı kapalı olarak muhafaza ediniz. -  İlaç değildir. Hastalıkların önlenmesi veya tedavi edilmesi amacıyla kullanılmaz.-  İçeriğindeki bileşene karşı bilinen alerjiniz varsa kullanmayınız.-  Göz temasından kaçınınız.-  Harici kullanım içindir.",-  Çocukların ulaşamayacağı yerde ağzı kapalı olarak muhafaza ediniz. -  İlaç değildir. Hastalıkların önlenmesi veya tedavi edilmesi amacıyla kullanılmaz.-  İçeriğindeki bileşene karşı bilinen alerjiniz varsa kullanmayınız.-  Göz temasından kaçınınız.-  Harici kullanım içindir.,,2026-02-12 13:20:00
29,000416-A,000416-A,Emu Yağı Keratinli Şampuan 250 ml Zayıf ve Kırılmış Saçlar İçin,https://www.sepenatural.com.tr/urun/emu-yagi-keratinli-sampuan-250ml,30.0,TL,,Zayıf ve Kırılmış saçlar için önerilen şampuandır.,-  Çocukların ulaşamayacağı yerde ağzı kapalı olarak muhafaza ediniz. -  İlaç değildir. Hastalıkların önlenmesi veya tedavi edilmesi amacıyla kullanılmaz.-  İçeriğindeki bileşene karşı bilinen alerjiniz varsa kullanmayınız.-  Göz temasından kaçınınız.-  Harici kullanım içindir.,,2026-02-12 13:20:02
30,000409-A,000409-A,Argan Yağlı Keratinli Şampuan 250 ml Cansız Yıpranmış Kuru Saç,https://www.sepenatural.com.tr/urun/argan-yagli-keratinli-sampuan-250-ml,30.0,TL,,,-  Çocukların ulaşamayacağı yerde ağzı kapalı olarak muhafaza ediniz. -  İlaç değildir. Hastalıkların önlenmesi veya tedavi edilmesi amacıyla kullanılmaz.-  İçeriğindeki bileşene karşı bilinen bir alerjiniz varsa kullanmayınız.-  Göz temasından kaçınınız.-  Harici kullanım içindir.,,2026-02-12 13:20:03
31,000410-A,000410-A,Arı Sütü Propolis Bal Keratinli Şampuan 250 ml Mat İşlem Görmüş,https://www.sepenatural.com.tr/urun/ari-sutu-propolis-bal-sampuani-keratinli-250,30.0,TL,,"Ambalaj250 ml Beyaz Plastik Şişe Ambalaj Ölçü Detayları
185 mm x 50 mm
 

Yasal ve Önemli Uyarılar
-  Çocukların ulaşamayacağı yerde ağzı kapalı olarak muhafaza ediniz. -  İlaç değildir. Hastalıkların önlenmesi veya tedavi edilmesi amacıyla kullanılmaz.-  İçeriğindeki bileşene karşı bilinen alerjiniz varsa kullanmayınız.-  Göz temasından kaçınınız.-  Harici kullanım içindir.",-  Çocukların ulaşamayacağı yerde ağzı kapalı olarak muhafaza ediniz. -  İlaç değildir. Hastalıkların önlenmesi veya tedavi edilmesi amacıyla kullanılmaz.-  İçeriğindeki bileşene karşı bilinen alerjiniz varsa kullanmayınız.-  Göz temasından kaçınınız.-  Harici kullanım içindir.,,2026-02-12 13:20:05
32,000428-A,000428-A,Zeytinyağlı Şampuan 250 ml Normal Saçlar İçin,https://www.sepenatural.com.tr/urun/zeytinyagli-sampuan-250-ml,30.0,TL,,"Ambalaj250 ml Beyaz Plastik Şişe Ambalaj Ölçü Detayları
185 mm x 50 mm
 

Yasal ve Önemli Uyarılar
-  Çocukların ulaşamayacağı yerde ağzı kapalı olarak muhafaza ediniz. -  İlaç değildir. Hastalıkların önlenmesi veya tedavi edilmesi amacıyla kullanılmaz.-  İçeriğindeki bileşene karşı bilinen alerjiniz varsa kullanmayınız.-  Göz temasından kaçınınız.-  Harici kullanım içindir.",-  Çocukların ulaşamayacağı yerde ağzı kapalı olarak muhafaza ediniz. -  İlaç değildir. Hastalıkların önlenmesi veya tedavi edilmesi amacıyla kullanılmaz.-  İçeriğindeki bileşene karşı bilinen alerjiniz varsa kullanmayınız.-  Göz temasından kaçınınız.-  Harici kullanım içindir.,,2026-02-12 13:20:06
33,000411-A,000411-A,Aynısafa Calendula Keratinli Şampuan 250 ml Zayıf ve Kırılan Saç,https://www.sepenatural.com.tr/urun/aynisafa-calendula-keratinli-sampuan-250-ml,30.0,TL,,Zayıf ve kırılan saçlar için önerilen şampuandır.,-  Çocukların ulaşamayacağı yerde ağzı kapalı olarak muhafaza ediniz. -  İlaç değildir. Hastalıkların önlenmesi veya tedavi edilmesi amacıyla kullanılmaz.-  İçeriğindeki bileşene karşı bilinen alerjiniz varsa kullanmayınız.-  Göz temasından kaçınınız.-  Harici kullanım içindir.,,2026-02-12 13:20:08
34,000449-A,000449-A,Acı Badem Yağlı El ve Vücut Bakım Kremi 150 ml,https://www.sepenatural.com.tr/urun/aci-badem-yagli-el-ve-vucut-kremi-150ml,30.0,TL,,,"-  Çocukların ulaşamayacağı yerde ağzı kapalı olarak muhafaza ediniz. 
-  İlaç değildir. Hastalıkların önlenmesi veya tedavi edilmesi amacıyla kullanılmaz.",-  İlaç değildir. Hastalıkların önlenmesi veya tedavi edilmesi amacıyla kullanılmaz.,2026-02-12 13:20:09
35,000390-A,000390-A,Çam Terebentinli Keratinli Şampuan 400 ml Zayıf Saçlar İçin,https://www.sepenatural.com.tr/urun/cam-terebentinli-keratinli-sampuan-400-ml-zayif-saclar-icin,50.0,TL,,"Ambalaj400 ml Beyaz Plastik Şişe Ambalaj Ölçü Detayları
170 mm x 66 mm
 

Yasal ve Önemli Uyarılar
-  Çocukların ulaşamayacağı yerde ağzı kapalı olarak muhafaza ediniz. -  İlaç değildir. Hastalıkların önlenmesi veya tedavi edilmesi amacıyla kullanılmaz.-  İçeriğindeki bileşene karşı bilinen bir alerjiniz varsa kullanmayınız.-  Göz temasından kaçınınız.-  Harici kullanım içindir.",-  Çocukların ulaşamayacağı yerde ağzı kapalı olarak muhafaza ediniz. -  İlaç değildir. Hastalıkların önlenmesi veya tedavi edilmesi amacıyla kullanılmaz.-  İçeriğindeki bileşene karşı bilinen bir alerjiniz varsa kullanmayınız.-  Göz temasından kaçınınız.-  Harici kullanım içindir.,,2026-02-12 13:20:11
36,000389-A,000389-A,Aynısafa Calendula Keratinli Şampuan 400 ml Zayıf ve Kırılan Saç,https://www.sepenatural.com.tr/urun/aynisafa-calendula-keratinli-sampuan-400-ml,50.0,TL,,Zayıf ve kırılan saçlar için önerilen şampuandır.,-  Çocukların ulaşamayacağı yerde ağzı kapalı olarak muhafaza ediniz. -  İlaç değildir. Hastalıkların önlenmesi veya tedavi edilmesi amacıyla kullanılmaz.-  İçeriğindeki bileşene karşı bilinen bir alerjiniz varsa kullanmayınız.-  Göz temasından kaçınınız.-  Harici kullanım içindir.,,2026-02-12 13:20:13
37,000388-A,000388-A,Arı Sütü Propolis Bal Keratinli Şampuan 400 ml Mat İşlem Görmüş,https://www.sepenatural.com.tr/urun/ari-sutu-propolis-bal-sampuani-keratinli,50.0,TL,,"Ambalaj400 ml Beyaz Plastik Şişe Ambalaj Ölçü Detayları
170 mm x 66 mm
 

Yasal ve Önemli Uyarılar
-  Çocukların ulaşamayacağı yerde ağzı kapalı olarak muhafaza ediniz. -  İlaç değildir. Hastalıkların önlenmesi veya tedavi edilmesi amacıyla kullanılmaz.-  İçeriğindeki bileşene karşı bilinen bir alerjiniz varsa kullanmayınız.-  Göz temasından kaçınınız.-  Harici kullanım içindir.",-  Çocukların ulaşamayacağı yerde ağzı kapalı olarak muhafaza ediniz. -  İlaç değildir. Hastalıkların önlenmesi veya tedavi edilmesi amacıyla kullanılmaz.-  İçeriğindeki bileşene karşı bilinen bir alerjiniz varsa kullanmayınız.-  Göz temasından kaçınınız.-  Harici kullanım içindir.,,2026-02-12 13:20:14
38,000314-A,000314-A,Acı Badem Yağı 25 ml Almond Oil %100 Saf Soğuk Sıkım Badem Yağı,https://www.sepenatural.com.tr/urun/aci-badem-yagi-25-ml-almond-oil-100-saf-soguk-sikim-badem-yagi,239.99,TL,,,,,2026-02-12 13:20:16
39,000387-A,000387-A,Argan Yağlı Keratinli Şampuan 400 ml Cansız Yıpranmış Kuru Saç,https://www.sepenatural.com.tr/urun/argan-yagli-keratinli-sampuan-400ml,50.0,TL,,,-  Çocukların ulaşamayacağı yerde ağzı kapalı olarak muhafaza ediniz. -  İlaç değildir. Hastalıkların önlenmesi veya tedavi edilmesi amacıyla kullanılmaz.-  İçeriğindeki bileşene karşı bilinen bir alerjiniz varsa kullanmayınız.-  Göz temasından kaçınınız.-  Harici kullanım içindir.,,2026-02-12 13:20:17
40,000394-A,000394-A,Emu Yağı Keratinli Şampuan 400 ml Zayıf ve Kırılmış Saçlar İçin,https://www.sepenatural.com.tr/urun/emu-yagi-keratinli-sampuan-400-ml,50.0,TL,,Zayıf ve Kırılmış saçlar için önerilen şampuandır.,-  Çocukların ulaşamayacağı yerde ağzı kapalı olarak muhafaza ediniz. -  İlaç değildir. Hastalıkların önlenmesi veya tedavi edilmesi amacıyla kullanılmaz.-  İçeriğindeki bileşene karşı bilinen alerjiniz varsa kullanmayınız.-  Göz temasından kaçınınız.-  Harici kullanım içindir.,,2026-02-12 13:20:19
41,000395-A,000395-A,Fo-Ti Keratinli Şampuan 400 ml Zayıf ve İşlem Görmüş Saçlar İçin,https://www.sepenatural.com.tr/urun/fo-ti-keratinli-sampuan-400-ml,50.0,TL,,"Ambalaj400 ml Beyaz Plastik Şişe Ambalaj Ölçü Detayları
170 mm x 66 mm
 

Yasal ve Önemli Uyarılar
-  Çocukların ulaşamayacağı yerde ağzı kapalı olarak muhafaza ediniz. -  İlaç değildir. Hastalıkların önlenmesi veya tedavi edilmesi amacıyla kullanılmaz.-  İçeriğindeki bileşene karşı bilinen alerjiniz varsa kullanmayınız.-  Göz temasından kaçınınız.-  Harici kullanım içindir.",-  Çocukların ulaşamayacağı yerde ağzı kapalı olarak muhafaza ediniz. -  İlaç değildir. Hastalıkların önlenmesi veya tedavi edilmesi amacıyla kullanılmaz.-  İçeriğindeki bileşene karşı bilinen alerjiniz varsa kullanmayınız.-  Göz temasından kaçınınız.-  Harici kullanım içindir.,,2026-02-12 13:20:20
42,000403-A,000403-A,Papatyalı Keratinli Şampuan 400 ml Canlı ve Parlak Saçlar İçin,https://www.sepenatural.com.tr/urun/papatya-ozlu-keratinli-sampuan-400-ml,50.0,TL,,"Ambalaj400 ml Beyaz Plastik Şişe Ambalaj Ölçü Detayları
170 mm x 66 mm
 

Yasal ve Önemli Uyarılar
-  Çocukların ulaşamayacağı yerde ağzı kapalı olarak muhafaza ediniz. -  İlaç değildir. Hastalıkların önlenmesi veya tedavi edilmesi amacıyla kullanılmaz.-  İçeriğindeki bileşene karşı bilinen alerjiniz varsa kullanmayınız.-  Göz temasından kaçınınız.-  Harici kullanım içindir.",-  Çocukların ulaşamayacağı yerde ağzı kapalı olarak muhafaza ediniz. -  İlaç değildir. Hastalıkların önlenmesi veya tedavi edilmesi amacıyla kullanılmaz.-  İçeriğindeki bileşene karşı bilinen alerjiniz varsa kullanmayınız.-  Göz temasından kaçınınız.-  Harici kullanım içindir.,,2026-02-12 13:20:22
43,000405-A,000405-A,Şeftalili Keratinli Şampuan 400 ml Geç Uzayan Saçlar İçin,https://www.sepenatural.com.tr/urun/seftali-ozlu-keratinli-sampuan-400-ml,50.0,TL,,"Ambalaj400 ml Beyaz Plastik Şişe Ambalaj Ölçü Detayları
170 mm x 66 mm
 

Yasal ve Önemli Uyarılar
-  Çocukların ulaşamayacağı yerde ağzı kapalı olarak muhafaza ediniz. -  İlaç değildir. Hastalıkların önlenmesi veya tedavi edilmesi amacıyla kullanılmaz.-  İçeriğindeki bileşene karşı bilinen alerjiniz varsa kullanmayınız.-  Göz temasından kaçınınız.-  Harici kullanım içindir.",-  Çocukların ulaşamayacağı yerde ağzı kapalı olarak muhafaza ediniz. -  İlaç değildir. Hastalıkların önlenmesi veya tedavi edilmesi amacıyla kullanılmaz.-  İçeriğindeki bileşene karşı bilinen alerjiniz varsa kullanmayınız.-  Göz temasından kaçınınız.-  Harici kullanım içindir.,,2026-02-12 13:20:23
44,000386-A,000386-A,Ardıç Katranı Keratinli Şampuan 400 ml Yağlı Saçlar İçin,https://www.sepenatural.com.tr/urun/ardic-katrani-sampuani-keratinli-400-ml,50.0,TL,,"Ambalaj400 ml Beyaz Plastik Şişe Ambalaj Ölçü Detayları
170 mm x 66 mm
 

Yasal ve Önemli Uyarılar
-  Çocukların ulaşamayacağı yerde ağzı kapalı olarak muhafaza ediniz. -  İlaç değildir. Hastalıkların önlenmesi veya tedavi edilmesi amacıyla kullanılmaz.-  İçeriğindeki bileşene karşı bilinen alerjiniz varsa kullanmayınız.-  Göz temasından kaçınınız.-  Harici kullanım içindir.",-  Çocukların ulaşamayacağı yerde ağzı kapalı olarak muhafaza ediniz. -  İlaç değildir. Hastalıkların önlenmesi veya tedavi edilmesi amacıyla kullanılmaz.-  İçeriğindeki bileşene karşı bilinen alerjiniz varsa kullanmayınız.-  Göz temasından kaçınınız.-  Harici kullanım içindir.,,2026-02-12 13:20:25
45,000400-A,000400-A,Kil Özlü Şampuan 400 ml Cansız ve Kuru Saçlar İçin,https://www.sepenatural.com.tr/urun/kil-sampuani-400-ml,50.0,TL,,"Ambalaj400 ml Beyaz Plastik Şişe Ambalaj Ölçü Detayları
170 mm x 66 mm
 

Yasal ve Önemli Uyarılar
-  Çocukların ulaşamayacağı yerde ağzı kapalı olarak muhafaza ediniz. -  İlaç değildir. Hastalıkların önlenmesi veya tedavi edilmesi amacıyla kullanılmaz.-  İçeriğindeki bileşene karşı bilinen alerjiniz varsa kullanmayınız.-  Göz temasından kaçınınız.-  Harici kullanım içindir.",-  Çocukların ulaşamayacağı yerde ağzı kapalı olarak muhafaza ediniz. -  İlaç değildir. Hastalıkların önlenmesi veya tedavi edilmesi amacıyla kullanılmaz.-  İçeriğindeki bileşene karşı bilinen alerjiniz varsa kullanmayınız.-  Göz temasından kaçınınız.-  Harici kullanım içindir.,,2026-02-12 13:20:26
46,MGZ0177,MGZ0177,SEPE NATURAL Süzme Kestane Balı 850 gr Saf Katkısız Prolin,https://www.sepenatural.com.tr/urun/kestane-bali-850g,1499.99,TL,,Doğrudan veya içeceklerde tüketilebilir.1 yaş altı bebeklere bal verilmemelidir.,Kestane balı doğal olarak acımsı bir tada sahiptir; bu ürünün kendi karakteristiğidir.,"Serin, kuru ve güneş ışığından uzak bir yerde saklayınız.",2026-02-12 13:20:28
47,000315-A,000315-A,Biberiye Yaprağı Yağı 25 ml %100 Saf Biberiye Yağı,https://www.sepenatural.com.tr/urun/biberiye-yapragi-yagi-25-ml-100-saf-biberiye-yagi,359.99,TL,,,,,2026-02-12 13:20:29
48,000319-A,000319-A,Isırgan Tohumu Yağı 25 ml Isırgan Yağı Nettle Seed Oil,https://www.sepenatural.com.tr/urun/isirgan-tohumu-yagi-25-ml-isirgan-yagi-nettle-seed-oil,169.99,TL,,,,,2026-02-12 13:20:31
49,000330-A,000330-A,Saf Kekik Yağı 25 ml Thyme Oil 25ml Oleum Thymus,https://www.sepenatural.com.tr/urun/saf-kekik-yagi-25-ml-thyme-oil-25ml-oleum-thymus,199.99,TL,,,,,2026-02-12 13:20:32
50,000331-A,000331-A,Nane Yağı 25 ml Pepermint Oil,https://www.sepenatural.com.tr/urun/nane-yagi-25-ml-pepermint-oil,149.99,TL,,,,,2026-02-12 13:20:34
51,000335-A,000335-A,Rezene Tohumu Yağı 25 ml Rezene Yağı Fennel Seed Oil,https://www.sepenatural.com.tr/urun/rezene-tohumu-yagi-25-ml-rezene-yagi-fennel-seed-oil,179.99,TL,,,,,2026-02-12 13:20:35
52,000163-A,000163-A,Bee Queen Propolis Extract Arı Sütü Polen Bal Karışım 230 gr,https://www.sepenatural.com.tr/urun/propolis-ari-sutu-polen-bal-karisimi-230-gr,449.99,TL,,Bee Queen Propolis Arı Sütü Polen Bal Karışımı Kullanım Önerisi - Bee Queen Propolis Arı Sütü Polen Bal Karışımı Nasıl Kullanılır?,"Sepe Natural Ürünlerini, Oda Sıcaklığında, serin ve kuru yerde, güneş ışınlarından koruyarak, ağzı kapalı şekilde, çocukların ulaşamayacağı yerde muhafaza ediniz.","Sepe Natural Ürünlerini, Oda Sıcaklığında, serin ve kuru yerde, güneş ışınlarından koruyarak, ağzı kapalı şekilde, çocukların ulaşamayacağı yerde muhafaza ediniz.",2026-02-12 13:20:37
53,000440-A,000440-A,Lavanta Duş Jeli 250 ml Lavender Shower Gel,https://www.sepenatural.com.tr/urun/lavanta-dus-jeli-250ml,30.0,TL,,,"-  Çocukların ulaşamayacağı yerde ağzı kapalı olarak muhafaza ediniz. 
-  İlaç değildir. Hastalıkların önlenmesi veya tedavi edilmesi amacıyla kullanılmaz.
-  İçeriğindeki bileşene karşı bilinen alerjiniz varsa kullanmayınız.
-  Gözlerle temasından kaçınınız.
-  Harici kullanım içindir.",,2026-02-12 13:20:38
54,000445-A,000445-A,Zeytinyağlı Duş Jeli 250 ml Olive Oil Shower Gel,https://www.sepenatural.com.tr/urun/zeytinyagi-dus-jeli-250ml,30.0,TL,,,"-  Çocukların ulaşamayacağı yerde ağzı kapalı olarak muhafaza ediniz. 
-  İlaç değildir. Hastalıkların önlenmesi veya tedavi edilmesi amacıyla kullanılmaz.
-  İçeriğindeki bileşene karşı bilinen alerjiniz varsa kullanmayınız.
-  Gözlerle temasından kaçınınız.
-  Harici kullanım içindir.",,2026-02-12 13:20:40
55,000441-A,000441-A,Papatya Duş Jeli 250 ml Chamomile Shower Gel,https://www.sepenatural.com.tr/urun/papatya-dus-jeli-250ml,30.0,TL,,,"-  Çocukların ulaşamayacağı yerde ağzı kapalı olarak muhafaza ediniz. 
-  İlaç değildir. Hastalıkların önlenmesi veya tedavi edilmesi amacıyla kullanılmaz.
-  İçeriğindeki bileşene karşı bilinen alerjiniz varsa kullanmayınız.
-  Gözlerle temasından kaçınınız.
-  Harici kullanım içindir.",,2026-02-12 13:20:42
56,000443-A,000443-A,Şeftali Duş Jeli 250 ml Peach Shower Gel,https://www.sepenatural.com.tr/urun/seftali-dus-jeli-250ml,30.0,TL,,,"-  Çocukların ulaşamayacağı yerde ağzı kapalı olarak muhafaza ediniz. 
-  İlaç değildir. Hastalıkların önlenmesi veya tedavi edilmesi amacıyla kullanılmaz.
-  İçeriğindeki bileşene karşı bilinen alerjiniz varsa kullanmayınız.
-  Gözlerle temasından kaçınınız.
-  Harici kullanım içindir.",,2026-02-12 13:20:43
57,000438-A,000438-A,Çilek Duş Jeli 250 ml Strawberry Shower Gel,https://www.sepenatural.com.tr/urun/cilek-dus-jeli-250ml,30.0,TL,,,-  Çocukların ulaşamayacağı yerde ağzı kapalı olarak muhafaza ediniz. -  İlaç değildir. Hastalıkların önlenmesi veya tedavi edilmesi amacıyla kullanılmaz.-  İçeriğindeki bileşene karşı bilinen alerjiniz varsa kullanmayınız.-  Gözlerle temasından kaçınınız.-  Harici kullanım içindir.,,2026-02-12 13:20:45
58,000436-A,000436-A,Aloe Vera Duş Jeli 250 ml Shower Gel,https://www.sepenatural.com.tr/urun/aloe-vera-dusjeli250ml,30.0,TL,,,"-  Çocukların ulaşamayacağı yerde ağzı kapalı olarak muhafaza ediniz. 
-  İlaç değildir. Hastalıkların önlenmesi veya tedavi edilmesi amacıyla kullanılmaz.
-  İçeriğindeki bileşene karşı bilinen alerjiniz varsa kullanmayınız.
-  Göz temasından kaçınınız.
-  Harici kullanım içindir.",,2026-02-12 13:20:46
59,000444-A,000444-A,Ylang Ylang Duş Jeli 250 ml Shower Gel,https://www.sepenatural.com.tr/urun/ylang-ylang-dus-jeli-250ml,30.0,TL,,,"-  Çocukların ulaşamayacağı yerde ağzı kapalı olarak muhafaza ediniz. 
-  İlaç değildir. Hastalıkların önlenmesi veya tedavi edilmesi amacıyla kullanılmaz.
-  İçeriğindeki bileşene karşı bilinen alerjiniz varsa kullanmayınız.
-  Gözlerle temasından kaçınınız.
-  Harici kullanım içindir.",,2026-02-12 13:20:48
60,000434-A,000434-A,Hindistan Cevizi Sıvı Sabun 400 ml Coconut Liquid Soap,https://www.sepenatural.com.tr/urun/hindistan-cevizli-sivi-sabun-400-ml,30.0,TL,,,"-  Çocukların ulaşamayacağı yerde ağzı kapalı olarak muhafaza ediniz. 
-  İlaç değildir. Hastalıkların önlenmesi veya tedavi edilmesi amacıyla kullanılmaz.
-  İçeriğindeki bileşene karşı bilinen alerjiniz varsa kullanmayınız.
-  Gözlerle temasından kaçınınız.
-  Harici kullanım içindir.",,2026-02-12 13:20:49
61,000447-A,000447-A,Aynısafa Calendula Nemlendirici Vücut Losyonu 250 ml Marigold Body Lotion,https://www.sepenatural.com.tr/urun/aynisafa-calendula-vucut-losyonu,25.0,TL,,Sepe Natural Aynısafa Calendula Nemlendirici Vücut Losyonu bütün vücudunuza uygulayın ve masaj yaparak yediriniz.,"-  Çocukların ulaşamayacağı yerde ağzı kapalı olarak muhafaza ediniz. 
-  İlaç değildir. Hastalıkların önlenmesi veya tedavi edilmesi amacıyla kullanılmaz.
-  İçeriğindeki bileşene karşı bilinen alerjiniz varsa kullanmayınız.
-  Gözlerle temasından kaçınınız.
-  Harici kullanım içindir.",,2026-02-12 13:20:51
62,000446-A,000446-A,Aloe Vera Nemlendirici Vücut Losyonu 250 ml Aloe Vera Body Lotion,https://www.sepenatural.com.tr/urun/aloe-vera-vucut-losyonu-250-ml,25.0,TL,,Sepe Natural Aloe Vera Vücut Losyonu bütün vücudunuza uygulayın ve masaj yaparak yediriniz.,"-  Çocukların ulaşamayacağı yerde ağzı kapalı olarak muhafaza ediniz. 
-  İlaç değildir. Hastalıkların önlenmesi veya tedavi edilmesi amacıyla kullanılmaz.
-  İçeriğindeki bileşene karşı bilinen alerjiniz varsa kullanmayınız.
-  Gözlerle temasından kaçınınız.
-  Harici kullanım içindir.",,2026-02-12 13:20:52
63,000176-A,000176-A,"SEPE NATURAL Süzme Çam Balı 850 gr Saf, Katkısız, Prolin",https://www.sepenatural.com.tr/urun/sepe-natural-suzme-cam-bali-850-gr,799.99,TL,,"Kahvaltıda, içeceklerde veya doğrudan tüketilebilir.1 yaş altı bebeklere bal verilmemelidir.","Bal doğal bir ürün olduğu için renk, koku ve yoğunluk partiye göre değişebilir.","Serin, kuru ve güneş almayan bir yerde saklayınız. Zamanla kristalleşme doğal bir süreçtir ve ürünün kalitesini etkilemez.",2026-02-12 13:20:54
64,000180-A,000180-A,"SEPE NATURAL Süzme Çiçek Balı 850 gr Saf, Katkısız, Prolin SEPE",https://www.sepenatural.com.tr/urun/cicek-bali-850-gr,449.99,TL,,"Çay, kahvaltı ve tatlılarda kullanılabilir.1 yaş altı bebeklere bal verilmemelidir.",Doğal ürünlerde renk ve kıvam partiye göre değişiklik gösterebilir.,Serin ve kuru yerde saklayınız. Kristalleşme doğal bir süreçtir.,2026-02-12 13:20:55
65,000187-A,000187-A,SEPE NATURAL Propolis Sıvı Ekstresi 25 ml Alkol Bazlı Damla,https://www.sepenatural.com.tr/urun/propolis-damla,419.99,TL,,"Yetişkinler için, tercihen günde 8-16 damla ya da sağlık uzmanınızın talimatlarına göre alınır. Su, Meyve suyu, Bal, Pekmez gibi gıdalar ile, veya Yemeklerle birlikte veya aç kanına kullanılabilir.","Propolis, arıların bitki tomurcuklarından topladığı reçinemsi maddelerden oluşan tamamen doğal bir arı ürünüdür. Yapısında flavonoidler ve fenolik bileşikler gibi dikkat çeken doğal bileşenler bulunur. Son yıllarda saf ve temiz içerik arayanların en çok ilgi gösterdiği arı ürünlerinden biri haline gelmiştir. Doğal yaşam rutinine arıların mucizesinden bir dokunuş eklemek isteyenler için ideal bir seçenek.","Oda sıcaklığında, güneş ışınlarından koruyarak, serin ve kuru yerde, ağzı kapalı bir şekilde çocukların ulaşamayacağı yerde muhafaza ediniz.",2026-02-12 13:20:57
66,000167-A,000167-A,"SEPE NATURAL Granül Polen 100 gr Arı Poleni, Tane, Yerli, Çok Renkli",https://www.sepenatural.com.tr/urun/yerli-cok-renkli-granul-polen-100-gr-100-saf-ari-poleni,249.99,TL,,"Ürünümüzü günlük beslenmenizde yoğurt, smoothie, müsli veya bal ile karıştırarak, damak tadınıza uygun küçük miktarlarda kullanabilirsiniz. Arı ürünlerine karşı hassasiyeti olan kişilerin kullanmadan önce dikkatli olması önerilir.",Tavsiye edilen günlük porsiyonu aşmayın.,"Oda sıcaklığında, güneş ışınlarından koruyarak, serin ve kuru yerde, ağzı kapalı bir şekilde çocukların ulaşamayacağı yerde muhafaza ediniz.",2026-02-12 13:20:58
67,000169-A,000169-A,SEPE NATURAL Öğütülmüş Polen Toz 100 gr,https://www.sepenatural.com.tr/urun/sepe-natural-ogutulmus-toz-polen-100-gr,249.99,TL,,"Ürünümüzü içecekler, smoothie, yoğurt veya farklı tariflere kolayca karışacak şekilde, kişisel tercihinize göre küçük miktarlarda ekleyerek kullanabilirsiniz. Arı ürünlerine karşı hassasiyeti olan kişilerin kullanmadan önce dikkatli olması önerilir.",Tavsiye edilen günlük porsiyonu aşmayın.,"Oda sıcaklığında, güneş ışınlarından koruyarak, serin ve kuru yerde, ağzı kapalı bir şekilde çocukların ulaşamayacağı yerde muhafaza ediniz.",2026-02-12 13:21:00
68,000383-A,000383-A,CLA Conjugated Linoleic Acid Aspir Yağı 250 ml Soğuk Sıkım,https://www.sepenatural.com.tr/urun/cla-conjugated-linoleic-acid-aspir-yagi-250-ml-soguk-sikim,219.99,TL,,,,,2026-02-12 13:21:02
69,000342-A,000342-A,Ceviz Yağı 50 ml %100 Saf Soğuk Sıkım,https://www.sepenatural.com.tr/urun/ceviz-yagi-50-ml-100-saf-soguk-sikim,159.99,TL,,,,,2026-02-12 13:21:03
70,000340-A,000340-A,Devedikeni Tohumu Yağı 50 ml Milk Thistle Seed Oil Deve dikeni,https://www.sepenatural.com.tr/urun/devedikeni-tohumu-yagi-50-ml-milk-thistle-seed-oil-deve-dikeni,249.99,TL,,,,,2026-02-12 13:21:05
71,000347-A,000347-A,Hardal Tohumu Yağı 50 ml %100 Saf Soğuk Sıkım,https://www.sepenatural.com.tr/urun/hardal-tohumu-yagi-50-ml-100-saf-soguk-sikim,189.99,TL,,,,,2026-02-12 13:21:06
72,000353-A,000353-A,Susam Yağı 50 ml %100 Saf Soğuk Sıkım,https://www.sepenatural.com.tr/urun/susam-yagi-50-ml-100-saf-soguk-sikim,209.99,TL,,Sepe Natural Saf Susam Tohumu Yağı Kullanım Önerisi - Sepe Natural Susam Tohumu Yağı Nasıl Kullanılır,"Sepe Natural Ürünlerini Oda Sıcaklığında, serin ve kuru yerde, güneş ışınlarından koruyarak, ağzı kapalı şekilde, çocukların ulaşamayacağı yerde muhafaza ediniz.","Sepe Natural Ürünlerini Oda Sıcaklığında, serin ve kuru yerde, güneş ışınlarından koruyarak, ağzı kapalı şekilde, çocukların ulaşamayacağı yerde muhafaza ediniz.",2026-02-12 13:21:08
73,000350-A,000350-A,Kayısı Çekirdeği Yağı 50 ml %100 Saf Soğuk Sıkım Kayısı Yağı,https://www.sepenatural.com.tr/urun/kayisi-cekirdegi-yagi-50-ml-100-saf-soguk-sikim-kayisi-yagi,199.99,TL,,,,,2026-02-12 13:21:10
74,000352-A,000352-A,Keten Tohumu Yağı 50 ml %100 Saf Soğuk Sıkım Flaxseed Oil,https://www.sepenatural.com.tr/urun/keten-tohumu-yagi-50-ml-100-saf-soguk-sikim-flaxseed-oil,229.99,TL,,,,,2026-02-12 13:21:11
75,000354-A,000354-A,Tatlı Badem Yağı 50 ml %100 Saf Soğuk Sıkım Badem Yağı,https://www.sepenatural.com.tr/urun/tatli-badem-yagi-50-ml,249.99,TL,,Sepe Natural Saf Tatlı Badem Yağı Kullanım Önerisi - Sepe Natural Saf Tatlı Badem Yağı Nasıl Kullanılır,"Bu ürüne ilk yorumu siz yapın! - Be the first to comment on this product!
                







                        Yorum Yaz","Bu ürüne ilk yorumu siz yapın! - Be the first to comment on this product!
                







                        Yorum Yaz",2026-02-12 13:21:13
76,000355-A,000355-A,Üzüm Çekirdeği Yağı 50 ml SOĞUK SIKIM Grape Seed Oil,https://www.sepenatural.com.tr/urun/uzum-cekirdegi-yagi-50-ml-soguk-sikim-grape-seed-oil,199.99,TL,,Sepe Natural Saf Üzüm Çekirdeği Yağı Kullanım Önerisi - Sepe Natural Saf Üzüm Çekirdeği Yağı Nasıl Kullanılır,"Bu ürüne ilk yorumu siz yapın! - Be the first to comment on this product!
                







                        Yorum Yaz","Bu ürüne ilk yorumu siz yapın! - Be the first to comment on this product!
                







                        Yorum Yaz",2026-02-12 13:21:15
77,000341-A,000341-A,%100 Saf Soğuk Sıkım Çörekotu Yağı 50 ml Çörek otu,https://www.sepenatural.com.tr/urun/100-saf-soguk-sikim-corekotu-yagi-50-ml-corek-otu,259.99,TL,,,,,2026-02-12 13:21:16
78,000357-A,000357-A,Çörekotu Tohumu Yağı 200 ml SOĞUK SIKIM Çörek otu,https://www.sepenatural.com.tr/urun/corekotu-tohumu-yagi-250-ml-soguk-sikim-corek-otu,509.99,TL,,,,,2026-02-12 13:21:18
79,000359-A,000359-A,Kayısı Çekirdeği Yağı 250 ml %100 Saf Soğuk Sıkım Kayısı Yağı,https://www.sepenatural.com.tr/urun/kayisi-cekirdegi-yagi-250-ml-100-saf-soguk-sikim-kayisi-yagi,349.99,TL,,,,,2026-02-12 13:21:19
80,000360-A,000360-A,Keten Tohumu Yağı 200 ml - %100 Saf Soğuk Sıkım Flaxseed Oil,https://www.sepenatural.com.tr/urun/keten-tohumu-yagi-200ml-soguk-sikim,469.99,TL,,"Ürün İçeriği
Latince Adı: Linum usitatissimum oleum
Kullanılan Bitki Kısmı: Tohum
İçerik: %100 Saf Keten Tohumu Yağı
Ambalaj: 200 ml Amber (Kahverengi) Cam Şişe
Porsiyon Sayısı: 250 - 500 Kullanım","Sertifikalar ve Kayıt Bilgileri

T.C. Gıda Tarım ve Hayvancılık Bakanlığı Kayıt No: TR-35-K-000853
FDA Food and Drug Administration Kayıt No: 12568327256
GMP (İyi Üretim Uygulamaları) Sertifikası
ISO 22000:2005 Gıda Güvenliği Yönetim Sistemi
ISO 9001:2015 Kalite Yönetim Sistemi
Helal ve Organik Sertifikası",,2026-02-12 13:21:21
81,000361-A,000361-A,Susam Yağı 250 ml %100 Saf Soğuk Sıkım,https://www.sepenatural.com.tr/urun/susam-yagi-250-ml-100-saf-soguk-sikim,389.99,TL,,Sepe Natural Susam Tohumu Yağı tercihen 1 (Bir) fincan suya 3 ~ 5 (Üç ~ Beş) damla damlatılarak kullanılabileceği gibi yemeklerde salatalarda ve haricen de kullanılabilmektedir.,"Bu ürüne ilk yorumu siz yapın! - Be the first to comment on this product!
                







                        Yorum Yaz","Bu ürüne ilk yorumu siz yapın! - Be the first to comment on this product!
                







                        Yorum Yaz",2026-02-12 13:21:22
82,000362-A,000362-A,Üzüm Çekirdeği Yağı 250 ml SOĞUK SIKIM Grape Seed Oil,https://www.sepenatural.com.tr/urun/uzum-cekirdegi-yagi-250-ml-soguk-sikim-grape-seed-oil,409.99,TL,,,,,2026-02-12 13:21:24
83,000356-A,000356-A,Tatlı Badem Yağı 250 ml %100 Saf Soğuk Sıkım Badem Yağı,https://www.sepenatural.com.tr/urun/tatli-badem-yagi-250-ml-100-saf-soguk-sikim-badem-yagi,299.99,TL,,,,,2026-02-12 13:21:26
84,000334-A,000334-A,Portakal Yağı 25 ml Orange Oil,https://www.sepenatural.com.tr/urun/portakal-yagi-25-ml-orange-oil,209.99,TL,,,,,2026-02-12 13:21:27
85,000332-A,000332-A,Okaliptus Yağı 25 ml Eucalyptus Oil,https://www.sepenatural.com.tr/urun/okaliptus-yagi-25-ml-eucalyptus-oil,269.99,TL,,,,,2026-02-12 13:21:29
86,000325-A,000325-A,Limon Yağı 25 ml Lemon Oil,https://www.sepenatural.com.tr/urun/limon-yagi-25-ml-lemon-oil,179.99,TL,,,,,2026-02-12 13:21:31
87,000326-A,000326-A,Lavanta Yağı 25 ml Lavender Oil,https://www.sepenatural.com.tr/urun/lavanta-yagi-25-ml-lavender-oil,219.99,TL,,,,,2026-02-12 13:21:32
88,000310-A,000310-A,Avokado Yağı 25 ml Avakado Yağı Avacado Oil,https://www.sepenatural.com.tr/urun/avokado-yagi-25-ml-avakado-yagi-avacado-oil,219.99,TL,,,,,2026-02-12 13:21:34
89,000309-A,000309-A,Çay Ağacı Yağı 25 ml Tea Tree Oil,https://www.sepenatural.com.tr/urun/cay-agaci-yagi-25-ml-tea-tree-oil,299.99,TL,,,,,2026-02-12 13:21:35
90,000320-A,000320-A,Jojoba Yağı 25 ml Jojoba Oil 25ml Simmondsia Chinensis oleum,https://www.sepenatural.com.tr/urun/jojoba-yagi-25-ml-jojoba-oil-25ml-simmondsia-chinensis-oleum,179.99,TL,,,,,2026-02-12 13:21:37
91,000311-A,000311-A,Saf Argan Yağı 25 ml Soğuk Sıkım Argan Yağı,https://www.sepenatural.com.tr/urun/saf-argan-yagi-25-ml-soguk-sikim-argan-yagi,209.99,TL,,,,,2026-02-12 13:21:38
92,000312-A,000312-A,Ardıç Tohumu Yağı 25 ml Juniper Oil Ardıç Yağı,https://www.sepenatural.com.tr/urun/ardic-tohumu-yagi-25-ml-juniper-oil-ardic-yagi,199.99,TL,,,,,2026-02-12 13:21:40
93,000336-A,000336-A,Sarı Kantaron Yağı 25 ml St. Johns Wort Oil,https://www.sepenatural.com.tr/urun/sari-kantaron-yagi-25-ml-st-johns-wort-oil,165.0,TL,,,,,2026-02-12 13:21:42
94,000343-A,000343-A,Çam Terebentin Yağı 50 ml,https://www.sepenatural.com.tr/urun/cam-terebentin-yagi-50-ml,229.99,TL,,,,,2026-02-12 13:21:43
95,000192-A,000192-A,SEPE NATURAL Propolis Kids Meyan Kökü Tıbbi Nane Kalsiyum Çinko Folik Asit C ve B Vitamin 10 Ampul x 10 ml,https://www.sepenatural.com.tr/urun/propolis-kids-10-ampul-x-10-ml-x-150-mg-vitaminli-cocuk-propolis,509.99,TL,,,Tavsiye edilen günlük porsiyonu aşmayın.,"Oda sıcaklığında, güneş ışınlarından koruyarak, serin ve kuru yerde, ağzı kapalı bir şekilde çocukların ulaşamayacağı yerde muhafaza ediniz.",2026-02-12 13:21:45
96,000196-A,000196-A,SEPE NATURAL Propolis Ekstresi Likit Su Bazlı 300mg x 10 Ampul x 10 ml,https://www.sepenatural.com.tr/urun/propolis-extract-ekstrakt-likit-300mg-x-10ml-x-10-ampul,629.99,TL,,"11 Yaş ve üzeri tüm bireyler için, tercihen günde1 ampül ya da sağlık uzmanınızın talimatlarına göre alınır. Su, Meyve suyu, Bal, Pekmez gibi gıdalar ile, veya Yemeklerle birlikte veya aç kanına veya yatmadan önce kullanılabilir.","Propolis, arıların bitki tomurcuklarından topladığı reçinemsi maddelerden oluşan tamamen doğal bir arı ürünüdür. Yapısında flavonoidler ve fenolik bileşikler gibi dikkat çeken doğal bileşenler bulunur. Son yıllarda saf ve temiz içerik arayanların en çok ilgi gösterdiği arı ürünlerinden biri haline gelmiştir. Doğal yaşam rutinine arıların mucizesinden bir dokunuş eklemek isteyenler için ideal bir seçenek.","Oda sıcaklığında, güneş ışınlarından koruyarak, serin ve kuru yerde, ağzı kapalı bir şekilde çocukların ulaşamayacağı yerde muhafaza ediniz.",2026-02-12 13:21:47
97,000197-A,000197-A,"SEPE NATURAL Arı Sütü, Kalsiyum, Çinko, Folik Asit, C ve B Vitamin Kompleks Su Bazlı Şurup 10 Ampul x 10 ml",https://www.sepenatural.com.tr/urun/ari-sutu-500-mg-x-10-ampul-royal-jelly-likit-icecek,509.99,TL,,"İyice çalkalandıktan sonra, 11 Yaş ve üzeri tüm bireyler için, tercihen günde 10 ml ya da sağlık uzmanınızın talimatlarına göre alınır. Su, Meyve suyu, Bal, Pekmez gibi gıdalar ile, veya Yemeklerle birlikte veya aç kanına kullanılabilir.","Saf arı sütü, doğal arı ürünlerine yönelenlerin tercih ettiği güçlü ve yoğun bir doğal içeriktir. Krem kıvamlı yapısı ve karakteristik aromasıyla dikkat çeker.","Oda sıcaklığında, güneş ışınlarından koruyarak, serin ve kuru yerde, ağzı kapalı bir şekilde çocukların ulaşamayacağı yerde muhafaza ediniz.",2026-02-12 13:21:48
98,000195-A,000195-A,SEPE NATURAL Kore Ginseng Kök Ekstresi Likit 10 Ampul x 10 ml Panax,https://www.sepenatural.com.tr/urun/panax-ginseng-extract-10-ml-x-10-ampul-likit-sivi-ginseng,699.99,TL,,"Yetişkinler için, tercihen günde1 ampül ya da sağlık uzmanınızın talimatlarına göre alınır. Su, Meyve suyu, Bal, Pekmez gibi gıdalar ile, veya Yemeklerle birlikte veya aç kanına kullanılabilir.",Tavsiye edilen günlük porsiyonu aşmayın.,"Oda sıcaklığında, güneş ışınlarından koruyarak, serin ve kuru yerde, ağzı kapalı bir şekilde çocukların ulaşamayacağı yerde muhafaza ediniz.",2026-02-12 13:21:50
99,MGZ0176,MGZ0176,"SEPE NATURAL Süzme Kestane Balı 480 gr Saf, Katkısız, Yüksek Prolin",https://www.sepenatural.com.tr/urun/kestane-bali-480-gr,849.99,TL,,"Gün içinde tek başına, kahvaltıda veya günün farklı saatlerinde doğal bir tatlandırıcı olarak tüketilebilir. 1 tatlı kaşığı doğrudan ya da yiyecek ve içecekler ile birlikte kullanılabilir.","Balın zamanla kristalleşmesi (şekerlenmesi) tamamen doğaldır ve balın saflığını gösterir. Kristalleşen balı, 45 °C’yi geçmeyen ılık su banyosunda bekleterek eski kıvamına getirebilirsiniz.","Oda sıcaklığında, güneş ışınlarından koruyarak, serin ve kuru yerde, ağzı kapalı bir şekilde ve çocukların ulaşamayacağı yerde muhafaza ediniz.",2026-02-12 13:21:52
100,000175-A,000175-A,"SEPE NATURAL Süzme Çam Balı 480 gr Saf, Katkısız, Prolin",https://www.sepenatural.com.tr/urun/suzme-cam-bali-480-gr,299.99,TL,,"Kahvaltıda, içeceklerde veya doğrudan tüketilebilir.1 yaş altı bebeklere bal verilmemelidir.","Bal doğal bir ürün olduğu için renk, koku ve yoğunluk partiye göre değişebilir.","Serin, kuru ve güneş almayan bir yerde saklayınız. Zamanla kristalleşme doğal bir süreçtir ve ürünün kalitesini etkilemez.",2026-02-12 13:21:53
101,000179-A,000179-A,"SEPE NATURAL Süzme Çiçek Balı 480 gr Saf, Katkısız, Prolin",https://www.sepenatural.com.tr/urun/cicek-bali-480-gr,299.99,TL,,"Çay, kahvaltı ve tatlılarda kullanılabilir.1 yaş altı bebeklere bal verilmemelidir.",Doğal ürünlerde renk ve kıvam partiye göre değişiklik gösterebilir.,Serin ve kuru yerde saklayınız. Kristalleşme doğal bir süreçtir.,2026-02-12 13:21:55
102,000000-A,000000-A,SEPE NATURAL %100 Saf Arı Sütü 100 gr Royal Jelly,https://www.sepenatural.com.tr/urun/100-saf-ari-sutu-100-gr-royal-jelly,1099.99,TL,,"Ürünümüzü bal, yoğurt veya benzeri gıdalarla karıştırarak çok küçük miktarlarda tüketebilirsiniz. Arı ürünlerine karşı hassasiyeti olan kişilerin kullanmadan önce dikkatli olması önerilir.","Saf arı sütü, doğal arı ürünlerine yönelenlerin tercih ettiği güçlü ve yoğun bir doğal içeriktir. Krem kıvamlı yapısı ve karakteristik aromasıyla dikkat çeker.","Oda sıcaklığında, güneş ışınlarından koruyarak, serin ve kuru yerde, ağzı kapalı bir şekilde çocukların ulaşamayacağı yerde muhafaza ediniz.",2026-02-12 13:21:57
103,000470-A,000470-A,QX Yüz Maskesi Peeling ve Siyah Noktalar İçin 100 ml,https://www.sepenatural.com.tr/urun/qx-yuz-maskesi-peeling-ve-siyah-noktalar-icin-100-ml,75.0,TL,,Sepe Natural Qx Yüz Maskesi Kullanım Şekli - Sepe Natural Qx Yüz Maskesi Nasıl Kullanılır?,"-  Çocukların ulaşamayacağı yerde ağzı kapalı olarak muhafaza ediniz. 
-  İlaç değildir. Hastalıkların önlenmesi veya tedavi edilmesi amacıyla kullanılmaz.",-  İlaç değildir. Hastalıkların önlenmesi veya tedavi edilmesi amacıyla kullanılmaz.,2026-02-12 13:21:58
104,000109-A,000109-A,NOP Çörekotu Black Seed Full Potency 200 Kapsül x 880 mg,https://www.sepenatural.com.tr/urun/nop-corekotu-200-kapsul-880-mg-corek-otu,709.99,TL,,"Yetişkinler için, tercihen günde 2 defa 1 kapsül ya da sağlık uzmanınızın talimatlarına göre alınır. Yemeklerle birlikte veya aç kanına kullanılabilir.",Tavsiye edilen günlük porsiyonu aşmayın.,"Oda sıcaklığında, güneş ışınlarından koruyarak, serin ve kuru yerde, ağzı kapalı bir şekilde çocukların ulaşamayacağı yerde muhafaza ediniz.",2026-02-12 13:22:00
105,000108-A,000108-A,NOP Üzüm Çekirdeği Grape Seed Full Potency 200 Kapsül x 930 mg,https://www.sepenatural.com.tr/urun/uzum-cekirdegi-200-kapsul-930-mg-grape-seed,1029.99,TL,,"Yetişkinler için, tercihen günde 2 defa 1 kapsül ya da sağlık uzmanınızın talimatlarına göre alınır. Yemeklerle birlikte veya aç karnına kullanılabilir.",Tavsiye edilen günlük porsiyonu aşmayın.,"Oda sıcaklığında, güneş ışınlarından koruyarak, serin ve kuru yerde, ağzı kapalı bir şekilde çocukların ulaşamayacağı yerde muhafaza ediniz.",2026-02-12 13:22:02
106,000104-A,000104-A,NOP Enginar Artichoke Full Potency 200 Kapsül x 500 mg,https://www.sepenatural.com.tr/urun/nop-artichoke-200-kapsul-880-mg-enginar,699.99,TL,,"Yetişkinler için, tercihen günde 2 defa 1 kapsül ya da sağlık uzmanınızın talimatlarına göre alınır. Yemeklerle birlikte veya aç kanına kullanılabilir.",Tavsiye edilen günlük porsiyonu aşmayın.,"Oda sıcaklığında, güneş ışınlarından koruyarak, serin ve kuru yerde, ağzı kapalı bir şekilde çocukların ulaşamayacağı yerde muhafaza ediniz.",2026-02-12 13:22:03
107,000110-A,000110-A,NOP Zerdeçal Turmeric Full Potency 200 Kapsül x 880 mg Curcumin Kurkumin,https://www.sepenatural.com.tr/urun/zerdecal-kapsul-200-x-880-mg-curcumin-kurkumin-tur,749.99,TL,,"Yetişkinler için, tercihen günde 3 defa 1 kapsül ya da sağlık uzmanınızın talimatlarına göre alınır. Yemeklerle birlikte veya aç kanına kullanılabilir.",Tavsiye edilen günlük porsiyonu aşmayın.,"Oda sıcaklığında, güneş ışınlarından koruyarak, serin ve kuru yerde, ağzı kapalı bir şekilde çocukların ulaşamayacağı yerde muhafaza ediniz.",2026-02-12 13:22:05
108,000026-A,000026-A,"SEPE NATURAL Flexis Glukozamin Kondroitin, MSM, Boswellia Akgünlük, Vitamin C Kompleks 60 Kapsül x 1030 mg",https://www.sepenatural.com.tr/urun/flexis-glukozamin-kondroitin-msm-boswellia-vitamin-c-60-kapsul-1030-mg,759.99,TL,,"Yetişkinler için, tercihen günde 2 defa 1 kapsül ya da sağlık uzmanınızın talimatlarına göre alınır. Yemeklerle birlikte veya aç kanına kullanılabilir.","Flexis formülü, glukozamin, kondroitin, MSM, akgünlük ekstresi ve C vitamini gibi farklı bileşenleri bir araya getiren çoklu kompleks yapısıyla dikkat çeker. Tek kapsülde çeşitli bileşenler kullanmak isteyen yetişkin kullanıcıların rutinlerine kolayca ekleyebileceği bir seçenektir. Bitkisel reçine, organik kükürt bileşiği ve destekleyici bileşenlerin birleşimi, çoklu içerikli takviyeleri sevenlere hitap eder.","Oda sıcaklığında, güneş ışınlarından koruyarak, serin ve kuru yerde, ağzı kapalı bir şekilde çocukların ulaşamayacağı yerde muhafaza ediniz.",2026-02-12 13:22:07
109,000188-A,000188-A,"SEPE NATURAL Propolis Sıvı Ekstresi 100 ml Su Bazlı Şurup, Likit",https://www.sepenatural.com.tr/urun/propolis-extract-100-ml-likit-propolis-ekstrakt-ekstresi,589.99,TL,,"11 Yaş ve üzeri tüm bireyler için, tercihen günde 10 ml ya da sağlık uzmanınızın talimatlarına göre alınır. Su, Meyve suyu, Bal, Pekmez gibi gıdalar ile, veya Yemeklerle birlikte veya aç kanına veya yatmadan önce kullanılabilir.","Propolis, arıların bitki tomurcuklarından topladığı reçinemsi maddelerden oluşan tamamen doğal bir arı ürünüdür. Yapısında flavonoidler ve fenolik bileşikler gibi dikkat çeken doğal bileşenler bulunur. Son yıllarda saf ve temiz içerik arayanların en çok ilgi gösterdiği arı ürünlerinden biri haline gelmiştir. Doğal yaşam rutinine arıların mucizesinden bir dokunuş eklemek isteyenler için ideal bir seçenek.","Oda sıcaklığında, güneş ışınlarından koruyarak, serin ve kuru yerde, ağzı kapalı bir şekilde çocukların ulaşamayacağı yerde muhafaza ediniz.",2026-02-12 13:22:08
110,000358-A,000358-A,Devedikeni Tohumu Yağı 200 ml Milk Thistle Seed Oil Deve dikeni,https://www.sepenatural.com.tr/urun/devedikeni-tohumu-yagi-250-ml-milk-thistle-seed-oil-deve-dikeni,479.99,TL,,,,,2026-02-12 13:22:10
111,000349-A,000349-A,Kabak Çekirdeği Yağı 50 ml %100 Saf Soğuk Sıkım,https://www.sepenatural.com.tr/urun/kabak-cekirdegi-yagi-50-ml-100-saf-soguk-sikim,229.99,TL,,,,,2026-02-12 13:22:11
112,000308-A,000308-A,Buğday Yağı 25 ml Wheat Germ Oil,https://www.sepenatural.com.tr/urun/bugday-yagi-25-ml-wheat-germ-oil,169.99,TL,,,,,2026-02-12 13:22:13
113,000117-A,000117-A,SEPE NATURAL CLA Aspir Yağı 100 Softgel Kapsül x 1330 mg,https://www.sepenatural.com.tr/urun/cla-aspir-yagi-100-softgel-kapsul-1000mg-conjugated-linoleic-acid,739.99,TL,,Sepe Natural Aspir Tohumu Yağı softgel tercihen 2 defa yemek öncesi veya sonrası kullanılması tavsiye edilir.,"Sepe Natural Ürünlerini Oda Sıcaklığında, serin ve kuru yerde, güneş ışınlarından koruyarak, ağzı kapalı şekilde, çocukların ulaşamayacağı yerde muhafaza ediniz.","Sepe Natural Ürünlerini Oda Sıcaklığında, serin ve kuru yerde, güneş ışınlarından koruyarak, ağzı kapalı şekilde, çocukların ulaşamayacağı yerde muhafaza ediniz.",2026-02-12 13:22:15
114,000118-A,000118-A,SEPE NATURAL CLA Aspir Yağı 200 Softgel Kapsül x 1330 mg,https://www.sepenatural.com.tr/urun/cla-aspir-yagi-200-softgel-kapsul-conjugated-linoleic-acid,1049.99,TL,,"Yetişkinler için, tercihen günde 2 defa 1 softgel ya da sağlık uzmanınızın talimatlarına göre alınır. Yemeklerle birlikte veya aç kanına kullanılabilir.",Tavsiye edilen günlük porsiyonu aşmayın.,"Oda sıcaklığında, güneş ışınlarından koruyarak, serin ve kuru yerde, ağzı kapalı bir şekilde çocukların ulaşamayacağı yerde muhafaza ediniz.",2026-02-12 13:22:16
115,000120-A,000120-A,SEPE NATURAL Çörekotu Yağı Black Seed Oil 100 Softgel Kapsül x 1330 mg,https://www.sepenatural.com.tr/urun/corekotu-yagi-100-softgel-kapsul-1000-mg-yumusak-kapsul,949.99,TL,,Tercihen günde 2 defa 1 kapsül yemek öncesi veya sonrası kullanılması tavsiye edilir.,Tavsiye edilen günlük porsiyonu aşmayın.,"Yasal ve Önemli Uyarılar
 Tavsiye edilen günlük porsiyonu aşmayın. 
 Takviye edici gıdalar normal beslenmenin yerine geçemez. 
 Çocukların ulaşamayacağı yerde saklayın. 
 İlaç değildir. Hastalıkların önlenmesi veya tedavi edilmesi amacıyla kullanılmaz. 
 Hamilelik ve emzirme dönemi ile hastalık veya ilaç kullanılması durumlarında doktorunuza danışınız.",2026-02-12 13:22:18
116,000121-A,000121-A,SEPE NATURAL Çörekotu Yağı Black Seed Oil 200 Softgel Kapsül x 1330 mg,https://www.sepenatural.com.tr/urun/corekotu-yagi-200-softgel-kapsul-1000-mg-yumusak-kapsul,1239.99,TL,,"Yetişkinler için, tercihen günde 2 defa 1 softgel ya da sağlık uzmanınızın talimatlarına göre alınır. Yemeklerle birlikte veya aç kanına kullanılabilir.",Tavsiye edilen günlük porsiyonu aşmayın.,"Oda sıcaklığında, güneş ışınlarından koruyarak, serin ve kuru yerde, ağzı kapalı bir şekilde çocukların ulaşamayacağı yerde muhafaza ediniz.",2026-02-12 13:22:20
117,000115-A,000115-A,Zerdeçal Kapsül 100 x 880 mg Curcumin Kurkumin Turmeric,https://www.sepenatural.com.tr/urun/zerdecal-100-kapsul-880-mg-kurkumin-curcumin-turmeric,429.99,TL,,"Yetişkinler için, günde 3 defa 1 tablet yemeklerle birlikte  kullanılması tavsiye edilir.","Etiket üzerinde TR-35-K-000853 işletme kayıt numaramız bulunan veya ürünün firmamız tarafından üretildiğini yazan firmamız markaları harici diğer firma markalarına fason olarak ürettiğimiz tüm ürünlerde Eşsiz Kodlu Ürün Hologramı kullanılmaktadır. Bu markalarda Eşsiz Kodlu Hologram olmayan ürünleri satın almayınız. Eşsiz Kodlu Hologram var ise de ürünün gerçekten firmamız tarafından üretilip üretilmediğini, Orijinal olup olmadığını mutlaka","Etiket üzerinde TR-35-K-000853 işletme kayıt numaramız bulunan veya ürünün firmamız tarafından üretildiğini yazan firmamız markaları harici diğer firma markalarına fason olarak ürettiğimiz tüm ürünlerde Eşsiz Kodlu Ürün Hologramı kullanılmaktadır. Bu markalarda Eşsiz Kodlu Hologram olmayan ürünleri satın almayınız. Eşsiz Kodlu Hologram var ise de ürünün gerçekten firmamız tarafından üretilip üretilmediğini, Orijinal olup olmadığını mutlaka",2026-02-12 13:22:22
118,000375-A,000375-A,Hindistan Cevizi Yağı 170 ml Soğuk Sıkım Coconut Oil,https://www.sepenatural.com.tr/urun/hindistan-cevizi-yagi-170-ml-soguk-sikim-coconut-oil,239.99,TL,,Sepe Natural Hindistan Cevizi Yağı 99 değişik sebeple kullanılmaktadır. İşte size sadece bunlardan sadece 10 tanesi;,"Etiket üzerinde TR-35-K-000853 işletme kayıt numaramız bulunan veya ürünün firmamız tarafından üretildiğini yazan firmamız markaları harici diğer firma markalarına fason olarak ürettiğimiz tüm ürünlerde Eşsiz Kodlu Ürün Hologramı kullanılmaktadır. Bu markalarda Eşsiz Kodlu Hologram olmayan ürünleri satın almayınız. Eşsiz Kodlu Hologram var ise de ürünün gerçekten firmamız tarafından üretilip üretilmediğini, Orijinal olup olmadığını mutlaka","Etiket üzerinde TR-35-K-000853 işletme kayıt numaramız bulunan veya ürünün firmamız tarafından üretildiğini yazan firmamız markaları harici diğer firma markalarına fason olarak ürettiğimiz tüm ürünlerde Eşsiz Kodlu Ürün Hologramı kullanılmaktadır. Bu markalarda Eşsiz Kodlu Hologram olmayan ürünleri satın almayınız. Eşsiz Kodlu Hologram var ise de ürünün gerçekten firmamız tarafından üretilip üretilmediğini, Orijinal olup olmadığını mutlaka",2026-02-12 13:22:23
119,000092-A,000092-A,SEPE NATURAL Turmeric Blackpepper Zerdeçal Karabiber Full Potency 60 Kapsül x 880 mg Kurkumin Curcumin,https://www.sepenatural.com.tr/urun/zerdecal-karabiber-60-kapsul-880-mg-kurkumin-curcumin,439.99,TL,,"Yetişkinler için, tercihen günde 2 defa 1 kapsül ya da sağlık uzmanınızın talimatlarına göre alınır. Yemeklerle birlikte veya aç kanına kullanılabilir.",Tavsiye edilen günlük porsiyonu aşmayın.,"Oda sıcaklığında, güneş ışınlarından koruyarak, serin ve kuru yerde, ağzı kapalı bir şekilde çocukların ulaşamayacağı yerde muhafaza ediniz.",2026-02-12 13:22:25
120,000139-A,000139-A,SEPE NATURAL Propolis Extract Saf Propolis Ekstresi Toz 50 gr,https://www.sepenatural.com.tr/urun/saf-propolis-extract-50-gr-toz-propolis-ekstresi-ekstrakt,459.99,TL,,"Takviye Edici Gıda Grubumuzdaki Propolis Ekstresi Kapsül Ürünümüzün yoğunluğu günlük 1 gram a denk gelmektedir. Ürünümüzü ılık suya smoothie, yoğurt veya bala karıştırarak tüketebilirsiniz. Arı ürünlerine karşı hassasiyeti olan kişilerin kullanmadan önce dikkatli olması önerilir.","Propolis, arıların bitki tomurcuklarından topladığı reçinemsi maddelerden oluşan tamamen doğal bir arı ürünüdür. Yapısında flavonoidler ve fenolik bileşikler gibi dikkat çeken doğal bileşenler bulunur. Son yıllarda saf ve temiz içerik arayanların en çok ilgi gösterdiği arı ürünlerinden biri haline gelmiştir. Doğal yaşam rutinine arıların mucizesinden bir dokunuş eklemek isteyenler için ideal bir seçenek.","Oda sıcaklığında, güneş ışınlarından koruyarak, serin ve kuru yerde, ağzı kapalı bir şekilde çocukların ulaşamayacağı yerde muhafaza ediniz.",2026-02-12 13:22:27
121,000098-A,000098-A,SEPE NATURAL Epimedium Epimedyum 60 Kapsül x 430 mg Azgın Teke,https://www.sepenatural.com.tr/urun/epimedium-extract-60-kapsul-430-mg-epimedyum-ekstrakt,489.99,TL,,SEPE NATURAL Epimedium Epimedyum Ekstresi Kullanımı Nasıl Önerilir?,SEPE NATURAL Epimedium Epimedyum Kapsül Formdadır. Her kapsül 430 mg'dır. Her ambalajda 60 kapsül bulunmaktadır.,"Oda sıcaklığında, güneş ışınlarından koruyarak, serin ve kuru yerde, ağzı kapalı bir şekilde çocukların ulaşamayacağı yerde muhafaza ediniz.",2026-02-12 13:22:28
122,000096-A,000096-A,"SEPE NATURAL Spirulina 60 Kapsül x 380 mg Yosun, Mavi Yeşil Alg",https://www.sepenatural.com.tr/urun/spirulina-60-kapsul-sepe-natural-siprulina-yosun-hapi,449.99,TL,,"Yetişkinler için, tercihen günde 3 defa 1 kapsül ya da sağlık uzmanınızın talimatlarına göre alınır. Yemeklerle birlikte veya aç kanına kullanılabilir.",Tavsiye edilen günlük porsiyonu aşmayın.,"Oda sıcaklığında, güneş ışınlarından koruyarak, serin ve kuru yerde, ağzı kapalı bir şekilde çocukların ulaşamayacağı yerde muhafaza ediniz.",2026-02-12 13:22:30
123,000093-A,000093-A,SEPE NATURAL Hayıt Tohumu 60 Kapsül x 580 mg Chaste Seed Bayanlara Özel,https://www.sepenatural.com.tr/urun/hayit-plus-60-kapsul-580-mg-chaste-seed-bayanlara-hayit-kapsul,489.99,TL,,"Yetişkinler için, tercihen günde 3 defa 1 kapsül ya da sağlık uzmanınızın talimatlarına göre alınır. Yemeklerle birlikte veya aç kanına kullanılabilir.",Tavsiye edilen günlük porsiyonu aşmayın.,"Oda sıcaklığında, güneş ışınlarından koruyarak, serin ve kuru yerde, ağzı kapalı bir şekilde çocukların ulaşamayacağı yerde muhafaza ediniz.",2026-02-12 13:22:32
124,000097-A,000097-A,"SEPE NATURAL Korean Ginseng Kore Ginseng Kök Ekstresi 60 Kapsül x 480 mg Kırmızı Ginseng, Panax",https://www.sepenatural.com.tr/urun/panax-ginseng-ekstrakt-60-kapsul-480-mg-ginseng-ekstresi-extract,459.99,TL,,"Yetişkinler için, tercihen günde 3 defa 1 kapsül ya da sağlık uzmanınızın talimatlarına göre alınır. Yemeklerle birlikte veya aç kanına kullanılabilir.",Tavsiye edilen günlük porsiyonu aşmayın.,"Oda sıcaklığında, güneş ışınlarından koruyarak, serin ve kuru yerde, ağzı kapalı bir şekilde çocukların ulaşamayacağı yerde muhafaza ediniz.",2026-02-12 13:22:33
125,000303-A,000303-A,SEPE NATURAL L-Karnitin Sıvı 200 ml Su Bazlı Aromasız 20 Servis L-Carnitine,https://www.sepenatural.com.tr/urun/sepe-natural-l-karnitin-sivi-aromasiz-200-ml-20-servis-l-carnitine,409.99,TL,,"11 yaş ve üzeri bireyler için, tercihen günde 1 porsiyon (10 ml) veya sağlık uzmanınızın önerdiği şekilde kullanılması tavsiye edilir. Egzersizle birlikte kullanılmak istendiğinde, porsiyon egzersizden önce veya gün içinde, su ya da meyve suyu ile birlikte alınabilir.",Tavsiye edilen günlük porsiyonu aşmayın.,"Oda sıcaklığında, güneş ışınlarından koruyarak, serin ve kuru yerde, ağzı kapalı bir şekilde çocukların ulaşamayacağı yerde muhafaza ediniz.",2026-02-12 13:22:35
126,000305-A,000305-A,"Gül Hidrosol 200 ml Gül Suyu, Saf, Doğal SEPE",https://www.sepenatural.com.tr/urun/gulsuyu200ml,589.99,TL,,"Günlük kişisel bakım rutininizde, temiz cilde göz çevresi hariç olacak şekilde spreyle sıkarak veya pamuk yardımıyla nazikçe uygulayabilirsiniz. Gün içerisinde ferahlatıcı gül kokusu için yüz, boyun veya saç bölgesine hafifçe püskürtülebilir. Haricen kullanım içindir.",Tavsiye edilen günlük porsiyonu aşmayın.,"Oda sıcaklığında, güneş ışınlarından koruyarak, serin ve kuru yerde, ağzı kapalı bir şekilde çocukların ulaşamayacağı yerde muhafaza ediniz.",2026-02-12 13:22:37
127,000306-A,000306-A,"Kekik Hidrosol 200 ml Kekik Suyu, Saf, Doğal SEPE",https://www.sepenatural.com.tr/urun/kekiksuyu200ml,419.99,TL,,"Ürünümüzü 10ml veya 1 kapak olacak şekilde su ile karıştırarak tüketebilirsiniz veya Ürün, haricen kullanım için; Kişisel bakım rutininizin bir parçası olarak, uygun gördüğünüz bölgeye (yüz ve vücut, göz çevresi hariç) pamuk yardımıyla hafifçe uygulanabilir veya ortam spreyi karışımlarına eklenebilir. Kullanımdan önce şişeyi çalkalayınız.",Tavsiye edilen günlük porsiyonu aşmayın.,"Oda sıcaklığında, güneş ışınlarından koruyarak, serin ve kuru yerde, ağzı kapalı bir şekilde çocukların ulaşamayacağı yerde muhafaza ediniz.",2026-02-12 13:22:39
128,000128-A,000128-A,SEPE NATURAL Epimedium Ekstresi Toz 50 g,https://www.sepenatural.com.tr/urun/epimedium-extract-epimedium-toz-ekstresi-ekstrakt-50-gr,459.99,TL,,"Takviye Edici Gıda Grubumuzdaki Epimedium Ekstresi Kapsül Ürünümüzün yoğunluğu günlük 1 gram a denk gelmektedir. Ürünümüzü ılık suya smoothie, yoğurt veya bala karıştırarak tüketebilirsiniz","Epimedium, doğal yapısında bulunan icariin ve çeşitli flavonoidlerle bilinen geleneksel bir bitkidir. Bitkisel içeriklere ilgi duyanların son yıllarda sıkça tercih ettiği bu ekstre, kökene dayalı zengin bitkisel profiliyle dikkat çeker. Doğal formülasyonlarda kendine özgü yapısıyla öne çıkar ve bitkisel rutinlerine farklı bir dokunuş eklemek isteyenler için popüler bir seçenektir.","Oda sıcaklığında, güneş ışınlarından koruyarak, serin ve kuru yerde, ağzı kapalı bir şekilde çocukların ulaşamayacağı yerde muhafaza ediniz.",2026-02-12 13:22:40
129,000155-A,000155-A,SEPE NATURAL L-Carnitine Toz 100 gr Tartarat,https://www.sepenatural.com.tr/urun/l-carnitine-l-tartrate-100gr-l-karnitin-tartarat-saf-toz-karnitin,739.99,TL,,"Ürünümüz aromasızdır ve su, meyve suyu veya spor içeceklerine kişisel beslenme programınıza uygun olacak şekilde küçük miktarlarda karıştırılarak kullanılabilir. Kullanım miktarı için beslenme uzmanı veya diyetisyeninize danışmanız önerilir.",Tavsiye edilen günlük porsiyonu aşmayın.,"Oda sıcaklığında, güneş ışınlarından koruyarak, serin ve kuru yerde, ağzı kapalı bir şekilde çocukların ulaşamayacağı yerde muhafaza ediniz.",2026-02-12 13:22:42
130,000130-A,000130-A,"SEPE NATURAL Spirulina Toz 50 gr Yosun, Mavi Yeşil Alg, Bitkisel Protein, Vegan, Cam Şişe",https://www.sepenatural.com.tr/urun/toz-spirulina-50-gr-gidaya-uygun-analizli-siprulina-yosun,389.99,TL,,"Takviye Edici Gıda Grubumuzdaki Spirulina Kapsül Ürünümüzün yoğunluğu günlük 1 gram a denk gelmektedir. Ürünümüzü ılık suya smoothie, yoğurt veya bala karıştırarak tüketebilirsiniz","Spirulina, doğal yapısında bulunan protein, pigmentler, aminoasitler ve minerallerle öne çıkan mavi-yeşil bir alg türüdür. Saf ve doğal kaynaklara yönelenlerin son yıllarda en çok ilgi gösterdiği süper gıdalardan biri olarak dikkat çeker. Canlı rengi ve zengin besinsel profili sayesinde bitkisel rutinlere kolayca uyum sağlar. Doğadan gelen yoğun bir alg deneyimi arayanlar için sade ve güçlü bir seçenek.","Oda sıcaklığında, güneş ışınlarından koruyarak, serin ve kuru yerde, ağzı kapalı bir şekilde çocukların ulaşamayacağı yerde muhafaza ediniz.",2026-02-12 13:22:43
131,000135-A,000135-A,SEPE NATURAL Echinacea Extract Ekinezya Ekstresi Toz 50 gr,https://www.sepenatural.com.tr/urun/echinacea-extract-ekinezya-toz-ekstrakt-ekstresi-50-gr,459.99,TL,,"Ürünümüzü çay, sıcak içecekler, smoothie, yoğurt veya farklı tariflerinize bir çay kaşığına kadar küçük miktarlarda ekleyerek kullanabilirsiniz.","Ekinezya (Echinacea purpurea), papatyagiller (Asteraceae) familyasından, mor-koni çiçekleriyle tanınan çok yıllık otsu bir bitkidir. Geleneksel bitkisel uygulamalarda hem kök hem de toprak üstü kısımları kullanılan ekinezya, doğal yapısında bulunan kafeik asit türevleri, alkamidler ve polisakkaritler bakımından dikkat çeker.","Oda sıcaklığında, güneş ışınlarından koruyarak, serin ve kuru yerde, ağzı kapalı bir şekilde çocukların ulaşamayacağı yerde muhafaza ediniz.",2026-02-12 13:22:45
132,000151-A,000151-A,SEPE NATURAL Epimedium Extract Epimedyum Ekstresi Toz 100 gr,https://www.sepenatural.com.tr/urun/toz-epimedium-ekstresi-100-gr-epimedium-extract-ekstrakt,739.99,TL,,"Takviye Edici Gıda Grubumuzdaki Epimedium Ekstresi Kapsül Ürünümüzün yoğunluğu günlük 1 gram a denk gelmektedir. Ürünümüzü ılık suya smoothie, yoğurt veya bala karıştırarak tüketebilirsiniz","Epimedium, doğal yapısında bulunan icariin ve çeşitli flavonoidlerle bilinen geleneksel bir bitkidir. Bitkisel içeriklere ilgi duyanların son yıllarda sıkça tercih ettiği bu ekstre, kökene dayalı zengin bitkisel profiliyle dikkat çeker. Doğal formülasyonlarda kendine özgü yapısıyla öne çıkar ve bitkisel rutinlerine farklı bir dokunuş eklemek isteyenler için popüler bir seçenektir.","Oda sıcaklığında, güneş ışınlarından koruyarak, serin ve kuru yerde, ağzı kapalı bir şekilde çocukların ulaşamayacağı yerde muhafaza ediniz.",2026-02-12 13:22:47
133,000153-A,000153-A,SEPE NATURAL Propolis Extract Saf Propolis Ekstresi Toz 100 gr,https://www.sepenatural.com.tr/urun/saf-propolis-extract-100-gr-toz-propolis-ekstresi-ekstrakt,739.99,TL,,"Takviye Edici Gıda Grubumuzdaki Propolis Ekstresi Kapsül Ürünümüzün yoğunluğu günlük 1 gram a denk gelmektedir. Ürünümüzü ılık suya smoothie, yoğurt veya bala karıştırarak tüketebilirsiniz. Arı ürünlerine karşı hassasiyeti olan kişilerin kullanmadan önce dikkatli olması önerilir.","Propolis, arıların bitki tomurcuklarından topladığı reçinemsi maddelerden oluşan tamamen doğal bir arı ürünüdür. Yapısında flavonoidler ve fenolik bileşikler gibi dikkat çeken doğal bileşenler bulunur. Son yıllarda saf ve temiz içerik arayanların en çok ilgi gösterdiği arı ürünlerinden biri haline gelmiştir. Doğal yaşam rutinine arıların mucizesinden bir dokunuş eklemek isteyenler için ideal bir seçenek.","Oda sıcaklığında, güneş ışınlarından koruyarak, serin ve kuru yerde, ağzı kapalı bir şekilde çocukların ulaşamayacağı yerde muhafaza ediniz.",2026-02-12 13:22:48
134,000143-A,000143-A,SEPE NATURAL Guarana Extract Guarana Ekstresi Toz 100 gr,https://www.sepenatural.com.tr/urun/guarana-extract-toz-guarana-ekstrakt-ekstresi-100-gr,959.99,TL,,"Ürünümüz doğal kafein içeriği nedeniyle kahve karışımlarına, smoothie ve içeceklere kişisel tercihinize göre az miktarlarda eklenerek kullanılabilir.",Tavsiye edilen günlük porsiyonu aşmayın.,"Oda sıcaklığında, güneş ışınlarından koruyarak, serin ve kuru yerde, ağzı kapalı bir şekilde çocukların ulaşamayacağı yerde muhafaza ediniz.",2026-02-12 13:22:50
135,000141-A,000141-A,SEPE NATURAL Guarana Extract Guarana Ekstresi Toz 50 gr,https://www.sepenatural.com.tr/urun/guarana-ekstresi-toz-ekstrakt-50-gr-guarana-extract,569.99,TL,,"Ürünümüz doğal kafein içeriği nedeniyle kahve karışımlarına, smoothie ve içeceklere kişisel tercihinize göre az miktarlarda eklenerek kullanılabilir.",Tavsiye edilen günlük porsiyonu aşmayın.,"Oda sıcaklığında, güneş ışınlarından koruyarak, serin ve kuru yerde, ağzı kapalı bir şekilde çocukların ulaşamayacağı yerde muhafaza ediniz.",2026-02-12 13:22:52
136,000137-A,000137-A,SEPE NATURAL Korean Ginseng Kore Ginseng Kök Ekstresi Toz 50 gr,https://www.sepenatural.com.tr/urun/panax-ginseng-extract-ginseng-kok-ekstrakti-ekstresi-50-gr,329.99,TL,,"Ürünümüzü sıcak/ılık içecekler, smoothie veya yoğurt ile karıştırarak, kişisel beslenme rutininize uygun olacak şekilde küçük miktarlarda kullanabilirsiniz.",Tavsiye edilen günlük porsiyonu aşmayın.,"Oda sıcaklığında, güneş ışınlarından koruyarak, serin ve kuru yerde, ağzı kapalı bir şekilde çocukların ulaşamayacağı yerde muhafaza ediniz.",2026-02-12 13:22:53
137,000590-A,000590-A,SEPE NATURAL Korean Ginseng Kore Ginseng Kök Ekstresi Toz 100 gr,https://www.sepenatural.com.tr/urun/ginseng-extract-powder-ginseng-toz-ekstrakt-ekstresi-100-gr,489.99,TL,,"Ürünümüzü sıcak/ılık içecekler, smoothie veya yoğurt ile karıştırarak, kişisel beslenme rutininize uygun olacak şekilde küçük miktarlarda kullanabilirsiniz.",Tavsiye edilen günlük porsiyonu aşmayın.,"Oda sıcaklığında, güneş ışınlarından koruyarak, serin ve kuru yerde, ağzı kapalı bir şekilde çocukların ulaşamayacağı yerde muhafaza ediniz.",2026-02-12 13:22:55
138,000157-A,000157-A,"SEPE NATURAL Spirulina Toz 100 gr Yosun, Mavi Yeşil Alg, Bitkisel Protein, Vegan, Cam Şişe",https://www.sepenatural.com.tr/urun/toz-spirulina-100-gr-gidaya-uygun-analizli-siprulina-yosun,579.99,TL,,"Takviye Edici Gıda Grubumuzdaki Spirulina Kapsül Ürünümüzün yoğunluğu günlük 1 gram a denk gelmektedir. Ürünümüzü ılık suya smoothie, yoğurt veya bala karıştırarak tüketebilirsiniz","Spirulina, doğal yapısında bulunan protein, pigmentler, aminoasitler ve minerallerle öne çıkan mavi-yeşil bir alg türüdür. Saf ve doğal kaynaklara yönelenlerin son yıllarda en çok ilgi gösterdiği süper gıdalardan biri olarak dikkat çeker. Canlı rengi ve zengin besinsel profili sayesinde bitkisel rutinlere kolayca uyum sağlar. Doğadan gelen yoğun bir alg deneyimi arayanlar için sade ve güçlü bir seçenek.","Oda sıcaklığında, güneş ışınlarından koruyarak, serin ve kuru yerde, ağzı kapalı bir şekilde çocukların ulaşamayacağı yerde muhafaza ediniz.",2026-02-12 13:22:57
139,000147-A,000147-A,SEPE NATURAL Gotu Kola Extract Gotu Kola Ekstresi Toz 100 gr,https://www.sepenatural.com.tr/urun/gotu-kola-extract-gotu-kola-toz-ekstrakt-ekstresi-100-gr,1729.99,TL,,"Gotu Kola Ekstresi Ürünümüzü çay, sıcak içecekler, smoothie, yoğurt veya farklı tariflerinize bir çay kaşığına kadar küçük miktarlarda ekleyerek kullanabilirsiniz.",Tavsiye edilen günlük porsiyonu aşmayın.,"Oda sıcaklığında, güneş ışınlarından koruyarak, serin ve kuru yerde, ağzı kapalı bir şekilde çocukların ulaşamayacağı yerde muhafaza ediniz.",2026-02-12 13:22:58
140,000134-A,000134-A,SEPE NATURAL Gotu Kola Extract Gotu Kola Ekstresi Toz 50 gr,https://www.sepenatural.com.tr/urun/gotu-kola-extract-gotu-kola-toz-ekstrakt-ekstresi-50-gr,929.99,TL,,"Gotu Kola Ekstresi Ürünümüzü çay, sıcak içecekler, smoothie, yoğurt veya farklı tariflerinize bir çay kaşığına kadar küçük miktarlarda ekleyerek kullanabilirsiniz.",Tavsiye edilen günlük porsiyonu aşmayın.,"Oda sıcaklığında, güneş ışınlarından koruyarak, serin ve kuru yerde, ağzı kapalı bir şekilde çocukların ulaşamayacağı yerde muhafaza ediniz.",2026-02-12 13:23:00
141,000132-A,000132-A,SEPE NATURAL Turmeric Zerdeçal Öğütülmüş Toz 50 gr,https://www.sepenatural.com.tr/urun/zerdecal-toz-50-gr-turmeric-ogutulmus-zerdecal-kok-toz-zerdecal,229.99,TL,,"Takviye Edici Gıda Grubumuzdaki Öğütülmüş Zerdeçal Kapsül Ürünümüzün yoğunluğu günlük 1 gram a denk gelmektedir. Ürünümüzü ılık suya smoothie, yoğurt veya bala karıştırarak tüketebilirsiniz",Tavsiye edilen günlük porsiyonu aşmayın.,"Oda sıcaklığında, güneş ışınlarından koruyarak, serin ve kuru yerde, ağzı kapalı bir şekilde çocukların ulaşamayacağı yerde muhafaza ediniz.",2026-02-12 13:23:01
142,000150-A,000150-A,SEPE NATURAL Turmeric Zerdeçal Öğütülmüş Toz 100 gr,https://www.sepenatural.com.tr/urun/ogutulmus-toz-zerdecal-koku-100-gr-turmeric-curcumin,269.99,TL,,"Takviye Edici Gıda Grubumuzdaki Öğütülmüş Zerdeçal Kapsül Ürünümüzün yoğunluğu günlük 1 gram a denk gelmektedir. Ürünümüzü ılık suya smoothie, yoğurt veya bala karıştırarak tüketebilirsiniz",Tavsiye edilen günlük porsiyonu aşmayın.,"Oda sıcaklığında, güneş ışınlarından koruyarak, serin ve kuru yerde, ağzı kapalı bir şekilde çocukların ulaşamayacağı yerde muhafaza ediniz.",2026-02-12 13:23:03
143,000136-A,000136-A,SEPE NATURAL Grape Seed Extract Üzüm Çekirdeği Ekstresi Toz 50 gr,https://www.sepenatural.com.tr/urun/grape-seed-extract-uzum-cekirdegi-ekstrakt-ekstresi-50-gr,459.0,TL,,"Ürünümüzü smoothie, yoğurt, müsli, içecekler veya farklı tariflere damak tadınıza uygun miktarlarda ekleyerek kullanabilirsiniz.",Tavsiye edilen günlük porsiyonu aşmayın.,"Oda sıcaklığında, güneş ışınlarından koruyarak, serin ve kuru yerde, ağzı kapalı bir şekilde çocukların ulaşamayacağı yerde muhafaza ediniz.",2026-02-12 13:23:05
144,000146-A,000146-A,SEPE NATURAL Grape Seed Extract Üzüm Çekirdeği Ekstresi Toz 100 gr,https://www.sepenatural.com.tr/urun/grape-seed-extract-uzum-cekirdegi-ekstrakt-ekstresi-100-gr,729.0,TL,,"Ürünümüzü smoothie, yoğurt, müsli, içecekler veya farklı tariflere damak tadınıza uygun miktarlarda ekleyerek kullanabilirsiniz.",Tavsiye edilen günlük porsiyonu aşmayın.,"Oda sıcaklığında, güneş ışınlarından koruyarak, serin ve kuru yerde, ağzı kapalı bir şekilde çocukların ulaşamayacağı yerde muhafaza ediniz.",2026-02-12 13:23:07
145,000129-A,000129-A,SEPE NATURAL Ginger Zencefil Öğütülmüş Toz 50 gr,https://www.sepenatural.com.tr/urun/zencefil-toz-50-gr-ogutulmus-zencefil-koku-ginger-powder,289.99,TL,,"Ürünümüzü çay, sıcak içecekler, smoothie, yoğurt veya farklı tariflerinize bir çay kaşığına kadar küçük miktarlarda ekleyerek kullanabilirsiniz.",Tavsiye edilen günlük porsiyonu aşmayın.,"Oda sıcaklığında, güneş ışınlarından koruyarak, serin ve kuru yerde, ağzı kapalı bir şekilde çocukların ulaşamayacağı yerde muhafaza ediniz.",2026-02-12 13:23:09
146,000145-A,000145-A,SEPE NATURAL Ginger Zencefil Öğütülmüş Toz 100 gr,https://www.sepenatural.com.tr/urun/zencefil-toz-100-gr-ogutulmus-zencefil-koku-ginger-powder,439.99,TL,,"Ürünümüzü çay, sıcak içecekler, smoothie, yoğurt veya farklı tariflerinize bir çay kaşığına kadar küçük miktarlarda ekleyerek kullanabilirsiniz.",Tavsiye edilen günlük porsiyonu aşmayın.,"Oda sıcaklığında, güneş ışınlarından koruyarak, serin ve kuru yerde, ağzı kapalı bir şekilde çocukların ulaşamayacağı yerde muhafaza ediniz.",2026-02-12 13:23:11
147,000131-A,000131-A,SEPE NATURAL Artichoke Extract Enginar Ekstresi Toz 50 gr,https://www.sepenatural.com.tr/urun/enginar-ekstresi-toz-ekstrakt-50-gr-artichoke-extract-powder,439.99,TL,,"Takviye Edici Gıda Grubumuzdaki Enginar Ekstresi Kapsül Ürünümüzün yoğunluğu günlük 1 gram a denk gelmektedir. Ürünümüzü ılık suya smoothie, yoğurt veya bala karıştırarak tüketebilirsiniz",Tavsiye edilen günlük porsiyonu aşmayın.,"Oda sıcaklığında, güneş ışınlarından koruyarak, serin ve kuru yerde, ağzı kapalı bir şekilde çocukların ulaşamayacağı yerde muhafaza ediniz.",2026-02-12 13:23:12
148,000133-A,000133-A,SEPE NATURAL Bitter Melon Extract Kudret Narı Ekstresi Toz 50 gr,https://www.sepenatural.com.tr/urun/kudret-nari-ekstresi-toz-ekstrakt-50-gr-bitter-melon-extract,459.99,TL,,"Kudret Narı Ekstresi Ürünümüzü çay, sıcak içecekler, smoothie, yoğurt veya farklı tariflerinize bir çay kaşığına kadar küçük miktarlarda ekleyerek kullanabilirsiniz.","Kudret Narı (Momordica charantia), kabakgiller (Cucurbitaceae) familyasına ait, sarmaşık formunda büyüyen ve yüzeyi pütürlü, karakteristik acı tada sahip meyveleriyle bilinen tropikal bir bitkidir. Geleneksel bitkisel uygulamalarda uzun yıllardır kullanılan kudret narı, doğal yapısında bulunan triterpenoid saponinler, flavonoidler ve çeşitli bitkisel bileşikler ile dikkat çeker.","Oda sıcaklığında, güneş ışınlarından koruyarak, serin ve kuru yerde, ağzı kapalı bir şekilde çocukların ulaşamayacağı yerde muhafaza ediniz.",2026-02-12 13:23:14
149,000101-A,000101-A,Enginar 60 Kapsül 500 mg Artichoke 60 Kapsül,https://www.sepenatural.com.tr/urun/nop-enginar-60-kapsul-500-mg-artichoke-60-kapsul,279.99,TL,,Enginar Kapsül Kullanım Önerisi - Enginar Kapsül Nasıl Kullanılır?,Markamız ve diğer marka ürün etiketleri üzerinde TR-35-K-000853 işletme kayıt numarası veya üretici olarak firmamız adını görüyorsanız DERHAL KONTROL EDİNİZ,Markamız ve diğer marka ürün etiketleri üzerinde TR-35-K-000853 işletme kayıt numarası veya üretici olarak firmamız adını görüyorsanız DERHAL KONTROL EDİNİZ,2026-02-12 13:23:16
150,000592-A,000592-A,"SEPE NATURAL Spirulina Toz 500 gr Yosun, Mavi Yeşil Alg, Bitkisel Protein, Vegan, Craft Bag",https://www.sepenatural.com.tr/urun/toz-spirulina-500-gr-siprulina-yosun,2059.99,TL,,"Takviye Edici Gıda Grubumuzdaki Spirulina Kapsül Ürünümüzün yoğunluğu günlük 1 gram a denk gelmektedir. Ürünümüzü ılık suya smoothie, yoğurt veya bala karıştırarak tüketebilirsiniz","Spirulina, doğal yapısında bulunan protein, pigmentler, aminoasitler ve minerallerle öne çıkan mavi-yeşil bir alg türüdür. Saf ve doğal kaynaklara yönelenlerin son yıllarda en çok ilgi gösterdiği süper gıdalardan biri olarak dikkat çeker. Canlı rengi ve zengin besinsel profili sayesinde bitkisel rutinlere kolayca uyum sağlar. Doğadan gelen yoğun bir alg deneyimi arayanlar için sade ve güçlü bir seçenek.","Oda sıcaklığında, güneş ışınlarından koruyarak, serin ve kuru yerde, ağzı kapalı bir şekilde çocukların ulaşamayacağı yerde muhafaza ediniz.",2026-02-12 13:23:17
151,000593-A,000593-A,"SEPE NATURAL Spirulina Toz 1000 gr Yosun, Mavi Yeşil Alg, Bitkisel Protein, Vegan, Craft Bag",https://www.sepenatural.com.tr/urun/toz-spirulina-1000-gr-siprulina-yosun-1-kg,3949.99,TL,,"Takviye Edici Gıda Grubumuzdaki Spirulina Kapsül Ürünümüzün yoğunluğu günlük 1 gram a denk gelmektedir. Ürünümüzü ılık suya smoothie, yoğurt veya bala karıştırarak tüketebilirsiniz","Spirulina, doğal yapısında bulunan protein, pigmentler, aminoasitler ve minerallerle öne çıkan mavi-yeşil bir alg türüdür. Saf ve doğal kaynaklara yönelenlerin son yıllarda en çok ilgi gösterdiği süper gıdalardan biri olarak dikkat çeker. Canlı rengi ve zengin besinsel profili sayesinde bitkisel rutinlere kolayca uyum sağlar. Doğadan gelen yoğun bir alg deneyimi arayanlar için sade ve güçlü bir seçenek.","Oda sıcaklığında, güneş ışınlarından koruyarak, serin ve kuru yerde, ağzı kapalı bir şekilde çocukların ulaşamayacağı yerde muhafaza ediniz.",2026-02-12 13:23:19
152,000142-A,000142-A,"SEPE NATURAL L-Arginine Toz 50 gr Analizli, Saf, 10 Servis, Aromasız",https://www.sepenatural.com.tr/urun/analizli-saf-l-arginine-toz-l-arjinin-50-gr-pure-arginin-powder,259.99,TL,,"Ürünümüzü su, meyve suyu veya smoothie ile karıştırarak, kişisel ihtiyaç ve tercihleriniz doğrultusunda küçük miktarlarda kullanabilirsiniz. Kullanım miktarı konusunda sağlık profesyoneline danışmanız tavsiye edilir.",Tavsiye edilen günlük porsiyonu aşmayın.,"Oda sıcaklığında, güneş ışınlarından koruyarak, serin ve kuru yerde, ağzı kapalı bir şekilde çocukların ulaşamayacağı yerde muhafaza ediniz.",2026-02-12 13:23:21
153,000105-A,000105-A,NOP Devedikeni Milkthistle Seed Full Potency 200 Kapsül x 930 mg,https://www.sepenatural.com.tr/urun/nop-devedikeni-200-kapsul-930-mg-milk-thistle-seed-deve-dikeni,659.99,TL,,"Yetişkinler için, tercihen günde 2 defa 1 kapsül ya da sağlık uzmanınızın talimatlarına göre alınır. Yemeklerle birlikte veya aç kanına kullanılabilir.",Tavsiye edilen günlük porsiyonu aşmayın.,"Oda sıcaklığında, güneş ışınlarından koruyarak, serin ve kuru yerde, ağzı kapalı bir şekilde çocukların ulaşamayacağı yerde muhafaza ediniz.",2026-02-12 13:23:24
154,000910-A,000910-A,SEPE NATURAL Devedikeni İnce Öğütülmüş Toz 1000 gr 1 kg,https://www.sepenatural.com.tr/urun/ince-ogutulmus-1-000-gr-devedikeni-tohumu,459.99,TL,,"Ürünümüzü smoothie, yoğurt, çorba veya farklı tariflere, damak tadınıza uygun olacak şekilde küçük miktarlarda ekleyerek kullanabilirsiniz.",Tavsiye edilen günlük porsiyonu aşmayın.,"Oda sıcaklığında, güneş ışınlarından koruyarak, serin ve kuru yerde, ağzı kapalı bir şekilde çocukların ulaşamayacağı yerde muhafaza ediniz.",2026-02-12 13:23:25
155,000149-A,000149-A,SEPE NATURAL Echinacea Extract Ekinezya Ekstresi Toz 100 gr,https://www.sepenatural.com.tr/urun/toz-ekinezya-ekstresi-100-gr-echinace-extract-powder,739.99,TL,,"Ürünümüzü çay, sıcak içecekler, smoothie, yoğurt veya farklı tariflerinize bir çay kaşığına kadar küçük miktarlarda ekleyerek kullanabilirsiniz.","Ekinezya (Echinacea purpurea), papatyagiller (Asteraceae) familyasından, mor-koni çiçekleriyle tanınan çok yıllık otsu bir bitkidir. Geleneksel bitkisel uygulamalarda hem kök hem de toprak üstü kısımları kullanılan ekinezya, doğal yapısında bulunan kafeik asit türevleri, alkamidler ve polisakkaritler bakımından dikkat çeker.","Oda sıcaklığında, güneş ışınlarından koruyarak, serin ve kuru yerde, ağzı kapalı bir şekilde çocukların ulaşamayacağı yerde muhafaza ediniz.",2026-02-12 13:23:27
156,000152-A,000152-A,"SEPE NATURAL L-Arginine Toz 100 gr, Analizli, Saf, 20 Servis, Aromasız",https://www.sepenatural.com.tr/urun/analizli-saf-l-arginine-toz-l-arjinin-100-gr-pure-arginin-powder-1,379.99,TL,,"Ürünümüzü su, meyve suyu veya smoothie ile karıştırarak, kişisel ihtiyaç ve tercihleriniz doğrultusunda küçük miktarlarda kullanabilirsiniz. Kullanım miktarı konusunda sağlık profesyoneline danışmanız tavsiye edilir.",Tavsiye edilen günlük porsiyonu aşmayın.,"Oda sıcaklığında, güneş ışınlarından koruyarak, serin ve kuru yerde, ağzı kapalı bir şekilde çocukların ulaşamayacağı yerde muhafaza ediniz.",2026-02-12 13:23:28
157,000140-A,000140-A,SEPE NATURAL Maitake Extract Maytake Mantarı Ekstresi Toz 50 gr,https://www.sepenatural.com.tr/urun/maytake-mantar-ekstresi-toz-ekstrakt-50-gr-maitake-extract,349.99,TL,,"Maitake mantarı (Grifola frondosa), çok katmanlı yapısı ve geleneksel kullanımıyla bilinen bir mantar türüdür. Doğal yapısında bulunan beta-glukanlar ve çeşitli polisakkaritler ile dikkat çeker. Uzun yıllardır hem Doğu hem Batı bitkisel uygulamalarında yer almaktadır.","Maitake mantarı (Grifola frondosa), çok katmanlı yapısı ve geleneksel kullanımıyla bilinen bir mantar türüdür. Doğal yapısında bulunan beta-glukanlar ve çeşitli polisakkaritler ile dikkat çeker. Uzun yıllardır hem Doğu hem Batı bitkisel uygulamalarında yer almaktadır.","Oda sıcaklığında, güneş ışınlarından koruyarak, serin ve kuru yerde, ağzı kapalı bir şekilde çocukların ulaşamayacağı yerde muhafaza ediniz.",2026-02-12 13:23:30
158,000144-A,000144-A,SEPE NATURAL Green Coffee Extract Yeşil Kahve Ekstresi Toz 100 gr,https://www.sepenatural.com.tr/urun/green-coffee-bean-extract-yesil-kahve-cekirdek-ekstresi-100-gr,629.0,TL,,"Ürünümüzü kahve karışımlarına, smoothie ve içeceklere damak tadınıza göre az miktarda ekleyerek kullanabilirsiniz.",Tavsiye edilen günlük porsiyonu aşmayın.,"Oda sıcaklığında, güneş ışınlarından koruyarak, serin ve kuru yerde, ağzı kapalı bir şekilde çocukların ulaşamayacağı yerde muhafaza ediniz.",2026-02-12 13:23:31
159,000138-A,000138-A,SEPE NATURAL Green Coffee Extract Yeşil Kahve Ekstresi Toz 50 gr,https://www.sepenatural.com.tr/urun/green-coffee-bean-extract-toz-yesil-kahve-cekirdek-ekstresi-50-gr,399.0,TL,,"Ürünümüzü kahve karışımlarına, smoothie ve içeceklere damak tadınıza göre az miktarda ekleyerek kullanabilirsiniz.",Tavsiye edilen günlük porsiyonu aşmayın.,"Oda sıcaklığında, güneş ışınlarından koruyarak, serin ve kuru yerde, ağzı kapalı bir şekilde çocukların ulaşamayacağı yerde muhafaza ediniz.",2026-02-12 13:23:33
160,000148-A,000148-A,SEPE NATURAL Maitake Extract Maytake Mantarı Ekstresi Toz 100 gr,https://www.sepenatural.com.tr/urun/maytake-mantar-ekstresi-toz-ekstrakt-100-gr-maitake-extract,519.99,TL,,"Maitake mantarı (Grifola frondosa), çok katmanlı yapısı ve geleneksel kullanımıyla bilinen bir mantar türüdür. Doğal yapısında bulunan beta-glukanlar ve çeşitli polisakkaritler ile dikkat çeker. Uzun yıllardır hem Doğu hem Batı bitkisel uygulamalarında yer almaktadır.","Maitake mantarı (Grifola frondosa), çok katmanlı yapısı ve geleneksel kullanımıyla bilinen bir mantar türüdür. Doğal yapısında bulunan beta-glukanlar ve çeşitli polisakkaritler ile dikkat çeker. Uzun yıllardır hem Doğu hem Batı bitkisel uygulamalarında yer almaktadır.","Oda sıcaklığında, güneş ışınlarından koruyarak, serin ve kuru yerde, ağzı kapalı bir şekilde çocukların ulaşamayacağı yerde muhafaza ediniz.",2026-02-12 13:23:34
161,000633-A,000633-A,"KOLLAJEN ,HYALURONİK ASİT , ARI SÜTÜ İÇEREN TAKVİYE EDİCİ GIDA",https://www.sepenatural.com.tr/urun/kollajen-hyaluronik-asit-ari-sutu-iceren-takviye-edici-gida,559.99,TL,,,,-   Tavsiye edilen günlük porsiyonu aşmayınız.,2026-02-12 13:23:39
162,000632-A,000632-A,"Just 4 You Kara Mürver, Propolis, Turunç, Meyan Kökü, Ekinezya Ekstreleri 90 Kapsül x 900 mg SEPE",https://www.sepenatural.com.tr/urun/kara-murver-meyan-koku-turunc-ekinezya-propolis-takviye-edici-gida-90-kapsul-x900-mg,649.99,TL,,"Yetişkinler için, tercihen günde 2 defa 1 kapsül ya da sağlık uzmanınızın talimatlarına göre alınır. Yemeklerle birlikte veya aç kanına kullanılabilir.",Tavsiye edilen günlük porsiyonu aşmayın.,"Oda sıcaklığında, güneş ışınlarından koruyarak, serin ve kuru yerde, ağzı kapalı bir şekilde çocukların ulaşamayacağı yerde muhafaza ediniz.",2026-02-12 13:23:41
163,KP-SET001,KP-SET001,SPN  5HTP X 350MG - RHODIOLA X 387MG -SPIRULINA X 380MG,https://www.sepenatural.com.tr/urun/spn-5htp-x-350mg-rhodiola-x-387mg-spirulina-x-380mg,1729.99,TL,,,,,2026-02-12 13:23:42
164,KP-SET002,KP-SET002,SPN FLEXIS X 1030MG - CAT'S CLAW X 360MG - ZERDECAL KARABIBER 880MG,https://www.sepenatural.com.tr/urun/spn-flexis-x-1030mg-cats-claw-x-360mg-zerdecal-karabiber-880mg,1519.99,TL,,,,,2026-02-12 13:23:44
165,KP-SET003,KP-SET003,"SEPE NATURAL Artichoke Enginar, Milk Thistle Devedikeni Full Potency, Chitosan Kitosan Kapsül Set",https://www.sepenatural.com.tr/urun/spn-artichoke-x-380mg-milk-thistle-930mg-chitosan-330mg,1689.99,TL,,,,,2026-02-12 13:23:46
166,KP-SET004,KP-SET004,SPN MGS X 920MG - CHITOSAN X 330MG KAPSUL - ASPIR 100 SOFTGELL,https://www.sepenatural.com.tr/urun/spn-mgs-x-920mg-chitosan-x-330mg-kapsul-aspir-100-softgell,2369.99,TL,,,,,2026-02-12 13:23:47
167,KP-SET007,KP-SET007,SPN PROPOLIS 10X10 - PROPOLIS KIDS 10X10 - ARI SUTU 10X10,https://www.sepenatural.com.tr/urun/spn-propolis-10x10-propolis-kids-10x10-ari-sutu-10x10,1139.99,TL,,,,,2026-02-12 13:23:49
168,000189-A,000189-A,"SEPE NATURAL Arı Sütü, Kalsiyum, Çinko, Folik Asit, C ve B Vitamin Kompleks 100ml Su Bazlı Şurup",https://www.sepenatural.com.tr/urun/spn-ari-sutu-100-ml-oral-liquid,469.99,TL,,"İyice çalkalandıktan sonra, 11 Yaş ve üzeri tüm bireyler için, tercihen günde 10 ml ya da sağlık uzmanınızın talimatlarına göre alınır. Su, Meyve suyu, Bal, Pekmez gibi gıdalar ile, veya Yemeklerle birlikte veya aç kanına kullanılabilir.","Saf arı sütü, doğal arı ürünlerine yönelenlerin tercih ettiği güçlü ve yoğun bir doğal içeriktir. Krem kıvamlı yapısı ve karakteristik aromasıyla dikkat çeker.","Oda sıcaklığında, güneş ışınlarından koruyarak, serin ve kuru yerde, ağzı kapalı bir şekilde çocukların ulaşamayacağı yerde muhafaza ediniz.",2026-02-12 13:23:50
169,000939-A,000939-A,SEPE NATURAL Propolis Ekstresi 30 Tablet x 1050 mg,https://www.sepenatural.com.tr/urun/propolis-extract-30-tablet-x-1050-mg,649.99,TL,,"Yetişkinler için, tercihen günde 2 defa 1 tablet ya da sağlık uzmanınızın talimatlarına göre alınır. Yemeklerle birlikte veya aç kanına kullanılabilir.",Tavsiye edilen günlük porsiyonu aşmayın.,"Oda sıcaklığında, güneş ışınlarından koruyarak, serin ve kuru yerde, ağzı kapalı bir şekilde çocukların ulaşamayacağı yerde muhafaza ediniz.",2026-02-12 13:23:52
170,000604-A,000604-A,SEPE NATURAL Devedikeni İnce Öğütülmüş Toz 500 gr,https://www.sepenatural.com.tr/urun/ogutulmus-devedikeni-tohumu-500-gr,319.99,TL,,"Ürünümüzü smoothie, yoğurt, çorba veya farklı tariflere, damak tadınıza uygun olacak şekilde küçük miktarlarda ekleyerek kullanabilirsiniz.",Tavsiye edilen günlük porsiyonu aşmayın.,"Oda sıcaklığında, güneş ışınlarından koruyarak, serin ve kuru yerde, ağzı kapalı bir şekilde çocukların ulaşamayacağı yerde muhafaza ediniz.",2026-02-12 13:30:41
171,000934-A,000934-A,NOP Brokoli Full Potency 100 Kapsül X 420 mg,https://www.sepenatural.com.tr/urun/nop-brokoli-takviye-edici-gida-100-kapsul-broccoli,549.99,TL,,"Yetişkinler için, tercihen günde 2 defa 1 kapsül ya da sağlık uzmanınızın talimatlarına göre alınır. Yemeklerle birlikte veya aç karnına kullanılabilir.",Tavsiye edilen günlük porsiyonu aşmayın.,"Oda sıcaklığında, güneş ışınlarından koruyarak, serin ve kuru yerde, ağzı kapalı bir şekilde çocukların ulaşamayacağı yerde muhafaza ediniz.",2026-02-12 13:30:57
